{"left_s0":0.13223658502101898,"left_s1":0.4833936095237732,"left_e0":-0.647935688495636,"left_e1":0.6455482244491577,"left_w0":-0.11952313780784607,"left_w1":0.729996919631958,"left_w2":-0.09868651628494263,"right_s0":-0.8401681184768677,"right_s1":0.5940811038017273,"right_e0":1.2130942344665527,"right_e1":1.287780523300171,"right_w0":0.1327202320098877,"right_w1":0.8939521908760071,"right_w2":3.0768635272979736}
{"left_s0":0.14672313630580902,"left_s1":0.4734951853752136,"left_e0":-0.6495633721351624,"left_e1":0.6649608016014099,"left_w0":-0.11589989066123962,"left_w1":0.7158351540565491,"left_w2":-0.10901424288749695,"right_s0":-0.8122572898864746,"right_s1":0.590261697769165,"right_e0":1.207734227180481,"right_e1":1.2830177545547485,"right_w0":0.17207741737365723,"right_w1":0.8623659014701843,"right_w2":3.0313284397125244}
{"left_s0":0.1456087827682495,"left_s1":0.4716392457485199,"left_e0":-0.6579458713531494,"left_e1":0.6610782742500305,"left_w0":-0.10696250200271606,"left_w1":0.7264564633369446,"left_w2":-0.10901424288749695,"right_s0":-0.844819962978363,"right_s1":0.5749841332435608,"right_e0":1.2130942344665527,"right_e1":1.3004813194274902,"right_w0":0.1664549708366394,"right_w1":0.8900038599967957,"right_w2":3.088247299194336}
{"left_s0":0.13892269134521484,"left_s1":0.47473251819610596,"left_e0":-0.6775593757629395,"left_e1":0.6727257966995239,"left_w0":-0.09923288226127625,"left_w1":0.7335373163223267,"left_w2":-0.10901424288749695,"right_s0":-0.8308645486831665,"right_s1":0.5734564065933228,"right_e0":1.218454122543335,"right_e1":1.287780523300171,"right_w0":0.14396512508392334,"right_w1":0.8821073174476624,"right_w2":3.0654797554016113}
{"left_s0":0.14783747494220734,"left_s1":0.4666900038719177,"left_e0":-0.678210437297821,"left_e1":0.6649608016014099,"left_w0":-0.10527163743972778,"left_w1":0.729996919631958,"left_w2":-0.11030521988868713,"right_s0":-0.8494717478752136,"right_s1":0.5757480263710022,"right_e0":1.197014331817627,"right_e1":1.3147696256637573,"right_w0":0.1692662239074707,"right_w1":0.8465728163719177,"right_w2":3.0768635272979736}
{"left_s0":0.13780833780765533,"left_s1":0.46545273065567017,"left_e0":-0.6759316921234131,"left_e1":0.6727257966995239,"left_w0":-0.09464341402053833,"left_w1":0.7282266616821289,"left_w2":-0.10901424288749695,"right_s0":-0.8634272217750549,"right_s1":0.5635259747505188,"right_e0":1.2157741785049438,"right_e1":1.3195323944091797,"right_w0":0.15521007776260376,"right_w1":0.874210774898529,"right_w2":3.122398614883423}
{"left_s0":0.16009531915187836,"left_s1":0.46421539783477783,"left_e0":-0.6951382160186768,"left_e1":0.6960208415985107,"left_w0":-0.09560960531234741,"left_w1":0.7229160070419312,"left_w2":-0.11288714408874512,"right_s0":-0.844819962978363,"right_s1":0.5448108911514282,"right_e0":1.1728945970535278,"right_e1":1.3115943670272827,"right_w0":0.16083252429962158,"right_w1":0.874210774898529,"right_w2":3.0654797554016113}
{"left_s0":0.1545235812664032,"left_s1":0.4623594582080841,"left_e0":-0.7097873091697693,"left_e1":0.6901971101760864,"left_w0":-0.10007831454277039,"left_w1":0.7370777726173401,"left_w2":-0.10901424288749695,"right_s0":-0.8680790066719055,"right_s1":0.5230403542518616,"right_e0":1.1889744997024536,"right_e1":1.3052440881729126,"right_w0":0.12147527933120728,"right_w1":0.8781591057777405,"right_w2":3.088247299194336}
{"left_s0":0.15675227344036102,"left_s1":0.45246103405952454,"left_e0":-0.7123916149139404,"left_e1":0.6882558465003967,"left_w0":-0.09077858924865723,"left_w1":0.7317671179771423,"left_w2":-0.11159619688987732,"right_s0":-0.8913381099700928,"right_s1":0.5031794905662537,"right_e0":1.1943343877792358,"right_e1":1.3306455612182617,"right_w0":0.16083252429962158,"right_w1":0.8939521908760071,"right_w2":3.0768635272979736}
{"left_s0":0.15786662697792053,"left_s1":0.4481304883956909,"left_e0":-0.7182512283325195,"left_e1":0.6960208415985107,"left_w0":-0.10116526484489441,"left_w1":0.7282266616821289,"left_w2":-0.11159619688987732,"right_s0":-0.9052935242652893,"right_s1":0.5031794905662537,"right_e0":1.197014331817627,"right_e1":1.3147696256637573,"right_w0":0.1664549708366394,"right_w1":0.9057969450950623,"right_w2":3.133782148361206}
{"left_s0":0.18238231539726257,"left_s1":0.4388507008552551,"left_e0":-0.7351790070533752,"left_e1":0.7212571501731873,"left_w0":-0.1098611056804657,"left_w1":0.7122946977615356,"left_w2":-0.11676004528999329,"right_s0":-0.9239007234573364,"right_s1":0.5031794905662537,"right_e0":1.164854645729065,"right_e1":1.3084192276000977,"right_w0":0.18894481658935547,"right_w1":0.854469358921051,"right_w2":3.088247299194336}
{"left_s0":0.18238231539726257,"left_s1":0.4351387917995453,"left_e0":-0.748851478099823,"left_e1":0.7503759264945984,"left_w0":-0.11275970935821533,"left_w1":0.7069840431213379,"left_w2":-0.11159619688987732,"right_s0":-0.9099453091621399,"right_s1":0.48942965269088745,"right_e0":1.1460949182510376,"right_e1":1.3068315982818604,"right_w0":0.19175606966018677,"right_w1":0.8781591057777405,"right_w2":3.088247299194336}
{"left_s0":0.1857253611087799,"left_s1":0.42957091331481934,"left_e0":-0.7521068453788757,"left_e1":0.7523171901702881,"left_w0":-0.11082729697227478,"left_w1":0.7087542414665222,"left_w2":-0.11546909809112549,"right_s0":-0.9052935242652893,"right_s1":0.4924851655960083,"right_e0":1.1487748622894287,"right_e1":1.298893690109253,"right_w0":0.1636437177658081,"right_w1":0.8623659014701843,"right_w2":3.054095983505249}
{"left_s0":0.1957544982433319,"left_s1":0.4258590042591095,"left_e0":-0.7566643357276917,"left_e1":0.7620234489440918,"left_w0":-0.12821897864341736,"left_w1":0.6875116229057312,"left_w2":-0.12063294649124146,"right_s0":-0.8959898948669434,"right_s1":0.49554067850112915,"right_e0":1.1594947576522827,"right_e1":1.3115943670272827,"right_w0":0.18051111698150635,"right_w1":0.874210774898529,"right_w2":3.133782148361206}
{"left_s0":0.19296863675117493,"left_s1":0.4215284585952759,"left_e0":-0.7690346837043762,"left_e1":0.7620234489440918,"left_w0":-0.1248372495174408,"left_w1":0.7069840431213379,"left_w2":-0.11676004528999329,"right_s0":-0.9378561973571777,"right_s1":0.4802631139755249,"right_e0":1.1836144924163818,"right_e1":1.3068315982818604,"right_w0":0.1636437177658081,"right_w1":0.874210774898529,"right_w2":3.1451659202575684}
{"left_s0":0.19854037463665009,"left_s1":0.41781651973724365,"left_e0":-0.7651282548904419,"left_e1":0.7717297077178955,"left_w0":-0.1301513910293579,"left_w1":0.7052138447761536,"left_w2":-0.11805102229118347,"right_s0":-0.9099453091621399,"right_s1":0.4863741397857666,"right_e0":1.1594947576522827,"right_e1":1.3195323944091797,"right_w0":0.18051111698150635,"right_w1":0.8505211472511292,"right_w2":3.122398614883423}
{"left_s0":0.19296863675117493,"left_s1":0.38131606578826904,"left_e0":-0.8061456084251404,"left_e1":0.7989072799682617,"left_w0":-0.18570807576179504,"left_w1":0.7689417004585266,"left_w2":-0.1141781210899353,"right_s0":-0.7331764698028564,"right_s1":0.5478664040565491,"right_e0":1.1782546043395996,"right_e1":1.4386019706726074,"right_w0":0.264847993850708,"right_w1":0.9887107014656067,"right_w2":3.1451659202575684}
{"left_s0":0.19241145253181458,"left_s1":0.37636685371398926,"left_e0":-0.8315373659133911,"left_e1":0.8251141905784607,"left_w0":-0.1948869824409485,"left_w1":0.765401303768158,"left_w2":-0.11030521988868713,"right_s0":-0.7238728404045105,"right_s1":0.5600885152816772,"right_e0":1.1621747016906738,"right_e1":1.4322515726089478,"right_w0":0.301393985748291,"right_w1":0.9887107014656067,"right_w2":3.1451659202575684}
{"left_s0":0.20856952667236328,"left_s1":0.3701803684234619,"left_e0":-0.8497673273086548,"left_e1":0.8367617130279541,"left_w0":-0.20599833130836487,"left_w1":0.765401303768158,"left_w2":-0.1141781210899353,"right_s0":-0.7564355134963989,"right_s1":0.5513038635253906,"right_e0":1.1728945970535278,"right_e1":1.4767042398452759,"right_w0":0.2704704999923706,"right_w1":1.028193473815918,"right_w2":3.167933464050293}
{"left_s0":0.22249889373779297,"left_s1":0.3479088842868805,"left_e0":-0.8810186386108398,"left_e1":0.881410539150238,"left_w0":-0.22822099924087524,"left_w1":0.7618608474731445,"left_w2":-0.11676004528999329,"right_s0":-0.7750427722930908,"right_s1":0.5593246221542358,"right_e0":1.1594947576522827,"right_e1":1.479879379272461,"right_w0":0.24798059463500977,"right_w1":1.0321416854858398,"right_w2":3.122398614883423}
{"left_s0":0.21915584802627563,"left_s1":0.3479088842868805,"left_e0":-0.8758100867271423,"left_e1":0.8649098873138428,"left_w0":-0.22435620427131653,"left_w1":0.7689417004585266,"left_w2":-0.11159619688987732,"right_s0":-0.7796945571899414,"right_s1":0.5528316497802734,"right_e0":1.1809345483779907,"right_e1":1.5084561109542847,"right_w0":0.21424591541290283,"right_w1":1.0479347705841064,"right_w2":3.167933464050293}
{"left_s0":0.242000013589859,"left_s1":0.3404850661754608,"left_e0":-0.905759334564209,"left_e1":0.9153825044631958,"left_w0":-0.23981544375419617,"left_w1":0.7583203911781311,"left_w2":-0.12063294649124146,"right_s0":-0.7796945571899414,"right_s1":0.5260958671569824,"right_e0":1.1782546043395996,"right_e1":1.5211567878723145,"right_w0":0.25079190731048584,"right_w1":1.0400381088256836,"right_w2":3.133782148361206}
{"left_s0":0.26261547207832336,"left_s1":0.3268747329711914,"left_e0":-0.9318020939826965,"left_e1":0.926059365272522,"left_w0":-0.24174785614013672,"left_w1":0.7689417004585266,"left_w2":-0.12192392349243164,"right_s0":-0.7889982461929321,"right_s1":0.535262405872345,"right_e0":1.1594947576522827,"right_e1":1.5433831214904785,"right_w0":0.25079190731048584,"right_w1":1.0321416854858398,"right_w2":3.088247299194336}
{"left_s0":0.25760090351104736,"left_s1":0.32811203598976135,"left_e0":-0.959147036075592,"left_e1":0.9406187534332275,"left_w0":-0.25237607955932617,"left_w1":0.7831034660339355,"left_w2":-0.11546909809112549,"right_s0":-0.8122572898864746,"right_s1":0.5184570550918579,"right_e0":1.1836144924163818,"right_e1":1.5402079820632935,"right_w0":0.1945672631263733,"right_w1":1.067676067352295,"right_w2":3.122398614883423}
{"left_s0":0.26930156350135803,"left_s1":0.31450170278549194,"left_e0":-0.9617513418197632,"left_e1":0.9614872336387634,"left_w0":-0.2601057291030884,"left_w1":0.7795630693435669,"left_w2":-0.12450584769248962,"right_s0":-0.8215608596801758,"right_s1":0.5062350034713745,"right_e0":1.186294436454773,"right_e1":1.5465583801269531,"right_w0":0.1692662239074707,"right_w1":1.0518829822540283,"right_w2":3.167933464050293}
{"left_s0":0.27515190839767456,"left_s1":0.313264399766922,"left_e0":-0.9760748147964478,"left_e1":0.976531982421875,"left_w0":-0.26686912775039673,"left_w1":0.786643922328949,"left_w2":-0.12063294649124146,"right_s0":-0.8262127041816711,"right_s1":0.5092905163764954,"right_e0":1.1943343877792358,"right_e1":1.5497335195541382,"right_w0":0.1664549708366394,"right_w1":1.071624517440796,"right_w2":3.1451659202575684}
{"left_s0":0.2999461889266968,"left_s1":0.3058405816555023,"left_e0":-0.9969090819358826,"left_e1":1.0010402202606201,"left_w0":-0.2813622057437897,"left_w1":0.7901843786239624,"left_w2":-0.12450584769248962,"right_s0":-0.844819962978363,"right_s1":0.5062350034713745,"right_e0":1.2023743391036987,"right_e1":1.5656094551086426,"right_w0":0.18613356351852417,"right_w1":1.063727855682373,"right_w2":3.1565496921539307}
{"left_s0":0.3083038032054901,"left_s1":0.3058405816555023,"left_e0":-1.0307646989822388,"left_e1":1.0202101469039917,"left_w0":-0.2900580167770386,"left_w1":0.8008056879043579,"left_w2":-0.12450584769248962,"right_s0":-0.8355163335800171,"right_s1":0.4810270071029663,"right_e0":1.1889744997024536,"right_e1":1.559259057044983,"right_w0":0.1945672631263733,"right_w1":1.0479347705841064,"right_w2":3.133782148361206}
{"left_s0":0.31763648986816406,"left_s1":0.30089136958122253,"left_e0":-1.0255560874938965,"left_e1":1.0214234590530396,"left_w0":-0.29102423787117004,"left_w1":0.793724775314331,"left_w2":-0.12321490049362183,"right_s0":-0.8727308511734009,"right_s1":0.48484641313552856,"right_e0":1.2130942344665527,"right_e1":1.5687845945358276,"right_w0":0.1636437177658081,"right_w1":1.063727855682373,"right_w2":3.1907010078430176}
{"left_s0":0.32703882455825806,"left_s1":0.2909929156303406,"left_e0":-1.035973310470581,"left_e1":1.0436872243881226,"left_w0":-0.2929566204547882,"left_w1":0.793724775314331,"left_w2":-0.13354262709617615,"right_s0":-0.8727308511734009,"right_s1":0.4542912244796753,"right_e0":1.221134066581726,"right_e1":1.5687845945358276,"right_w0":0.18332237005233765,"right_w1":1.071624517440796,"right_w2":3.1793172359466553}
{"left_s0":0.3361625373363495,"left_s1":0.28480640053749084,"left_e0":-1.0411818027496338,"left_e1":1.0495716333389282,"left_w0":-0.29585525393486023,"left_w1":0.8043461441993713,"left_w2":-0.13612455129623413,"right_s0":-0.8959898948669434,"right_s1":0.45581895112991333,"right_e0":1.2023743391036987,"right_e1":1.5719598531723022,"right_w0":0.1692662239074707,"right_w1":1.0360898971557617,"right_w2":3.167933464050293}
{"left_s0":0.32139742374420166,"left_s1":0.2885183095932007,"left_e0":-1.056807518005371,"left_e1":1.0481157302856445,"left_w0":-0.28715941309928894,"left_w1":0.8114269971847534,"left_w2":-0.1283787488937378,"right_s0":-0.9099453091621399,"right_s1":0.4428330063819885,"right_e0":1.2345340251922607,"right_e1":1.5529086589813232,"right_w0":0.18332237005233765,"right_w1":1.071624517440796,"right_w2":3.236236095428467}
{"left_s0":0.4021877646446228,"left_s1":0.2922302484512329,"left_e0":-1.0229518413543701,"left_e1":1.1017427444458008,"left_w0":-0.458177387714386,"left_w1":0.7689417004585266,"left_w2":-0.10643231868743896,"right_s0":-0.8401681184768677,"right_s1":0.4787353277206421,"right_e0":1.2988532781600952,"right_e1":1.3258827924728394,"right_w0":0.1299089789390564,"right_w1":1.2374520301818848,"right_w2":3.0996310710906982}
{"left_s0":0.41193830966949463,"left_s1":0.289755642414093,"left_e0":-1.0281604528427124,"left_e1":1.1201846599578857,"left_w0":-0.4794338643550873,"left_w1":0.7618608474731445,"left_w2":-0.10385039448738098,"right_s0":-0.8634272217750549,"right_s1":0.48484641313552856,"right_e0":1.3095731735229492,"right_e1":1.3385834693908691,"right_w0":0.07930684089660645,"right_w1":1.269038200378418,"right_w2":3.1110148429870605}
{"left_s0":0.414724200963974,"left_s1":0.27985718846321106,"left_e0":-1.035973310470581,"left_e1":1.1332881450653076,"left_w0":-0.483298659324646,"left_w1":0.7689417004585266,"left_w2":-0.10514134168624878,"right_s0":-0.8680790066719055,"right_s1":0.4947768449783325,"right_e0":1.2881333827972412,"right_e1":1.3179447650909424,"right_w0":0.11023038625717163,"right_w1":1.2532451152801514,"right_w2":3.0996310710906982}
{"left_s0":0.41918158531188965,"left_s1":0.27738258242607117,"left_e0":-1.0385775566101074,"left_e1":1.1512447595596313,"left_w0":-0.48523110151290894,"left_w1":0.77248215675354,"left_w2":-0.10126844048500061,"right_s0":-0.8680790066719055,"right_s1":0.48331862688064575,"right_e0":1.304213285446167,"right_e1":1.3179447650909424,"right_w0":0.11866408586502075,"right_w1":1.2453484535217285,"right_w2":3.0996310710906982}
{"left_s0":0.427539199590683,"left_s1":0.281094491481781,"left_e0":-1.0411818027496338,"left_e1":1.1531860828399658,"left_w0":-0.483298659324646,"left_w1":0.7583203911781311,"left_w2":-0.10772329568862915,"right_s0":-0.8634272217750549,"right_s1":0.49783235788345337,"right_e0":1.2881333827972412,"right_e1":1.324295163154602,"right_w0":0.1327202320098877,"right_w1":1.229555368423462,"right_w2":3.0996310710906982}
{"left_s0":0.4236389696598053,"left_s1":0.27367067337036133,"left_e0":-1.0385775566101074,"left_e1":1.176481008529663,"left_w0":-0.4910283088684082,"left_w1":0.7583203911781311,"left_w2":-0.10514134168624878,"right_s0":-0.8401681184768677,"right_s1":0.508526623249054,"right_e0":1.272053599357605,"right_e1":1.2925432920455933,"right_w0":0.16083252429962158,"right_w1":1.2216589450836182,"right_w2":3.0654797554016113}
{"left_s0":0.429767906665802,"left_s1":0.2786198854446411,"left_e0":-1.0489946603775024,"left_e1":1.1832754611968994,"left_w0":-0.4948931336402893,"left_w1":0.765401303768158,"left_w2":-0.1025594174861908,"right_s0":-0.8494717478752136,"right_s1":0.49706846475601196,"right_e0":1.272053599357605,"right_e1":1.3163572549819946,"right_w0":0.14115393161773682,"right_w1":1.1979691982269287,"right_w2":3.0768635272979736}
{"left_s0":0.43923988938331604,"left_s1":0.27367067337036133,"left_e0":-1.0672246217727661,"left_e1":1.2017173767089844,"left_w0":-0.5064875483512878,"left_w1":0.7547799944877625,"left_w2":-0.10514134168624878,"right_s0":-0.8773826360702515,"right_s1":0.5092905163764954,"right_e0":1.282773494720459,"right_e1":1.3147696256637573,"right_w0":0.1327202320098877,"right_w1":1.2058656215667725,"right_w2":3.088247299194336}
{"left_s0":0.44314008951187134,"left_s1":0.2749079763889313,"left_e0":-1.0698288679122925,"left_e1":1.2017173767089844,"left_w0":-0.5064875483512878,"left_w1":0.751239538192749,"left_w2":-0.10385039448738098,"right_s0":-0.8913381099700928,"right_s1":0.5154015421867371,"right_e0":1.272053599357605,"right_e1":1.3036564588546753,"right_w0":0.12147527933120728,"right_w1":1.1900725364685059,"right_w2":3.088247299194336}
{"left_s0":0.44815465807914734,"left_s1":0.27119606733322144,"left_e0":-1.0776417255401611,"left_e1":1.2230710983276367,"left_w0":-0.5238792300224304,"left_w1":0.751239538192749,"left_w2":-0.09739553928375244,"right_s0":-0.9145971536636353,"right_s1":0.49095743894577026,"right_e0":1.2988532781600952,"right_e1":1.3163572549819946,"right_w0":0.09336298704147339,"right_w1":1.229555368423462,"right_w2":3.122398614883423}
{"left_s0":0.4559551179409027,"left_s1":0.2625349462032318,"left_e0":-1.0828502178192139,"left_e1":1.2473368644714355,"left_w0":-0.5258116126060486,"left_w1":0.7406182289123535,"left_w2":-0.10643231868743896,"right_s0":-0.9285525679588318,"right_s1":0.5154015421867371,"right_e0":1.282773494720459,"right_e1":1.3195323944091797,"right_w0":0.1299089789390564,"right_w1":1.2019174098968506,"right_w2":3.122398614883423}
{"left_s0":0.4598553478717804,"left_s1":0.26129764318466187,"left_e0":-1.1010801792144775,"left_e1":1.2696611881256104,"left_w0":-0.5296764373779297,"left_w1":0.7406182289123535,"left_w2":-0.10126844048500061,"right_s0":-0.9145971536636353,"right_s1":0.49706846475601196,"right_e0":1.2774134874343872,"right_e1":1.298893690109253,"right_w0":0.11585283279418945,"right_w1":1.2098140716552734,"right_w2":3.088247299194336}
{"left_s0":0.46041250228881836,"left_s1":0.26377224922180176,"left_e0":-1.1088930368423462,"left_e1":1.2745144367218018,"left_w0":-0.5335412621498108,"left_w1":0.751239538192749,"left_w2":-0.1025594174861908,"right_s0":-0.9378561973571777,"right_s1":0.4863741397857666,"right_e0":1.282773494720459,"right_e1":1.2973060607910156,"right_w0":0.13553142547607422,"right_w1":1.2058656215667725,"right_w2":3.0768635272979736}
{"left_s0":0.4637555778026581,"left_s1":0.2625349462032318,"left_e0":-1.1088930368423462,"left_e1":1.282279372215271,"left_w0":-0.5258116126060486,"left_w1":0.7441586256027222,"left_w2":-0.10385039448738098,"right_s0":-0.9192489385604858,"right_s1":0.49019354581832886,"right_e0":1.2774134874343872,"right_e1":1.310006856918335,"right_w0":0.10460793972015381,"right_w1":1.2098140716552734,"right_w2":3.0768635272979736}
{"left_s0":0.46654143929481506,"left_s1":0.2563484311103821,"left_e0":-1.1219145059585571,"left_e1":1.2861618995666504,"left_w0":-0.5277440547943115,"left_w1":0.7441586256027222,"left_w2":-0.10385039448738098,"right_s0":-0.9192489385604858,"right_s1":0.4924851655960083,"right_e0":1.2774134874343872,"right_e1":1.3147696256637573,"right_w0":0.12709778547286987,"right_w1":1.1940209865570068,"right_w2":3.088247299194336}
{"left_s0":0.47044166922569275,"left_s1":0.2513992190361023,"left_e0":-1.1297273635864258,"left_e1":1.3016918897628784,"left_w0":-0.5451356768608093,"left_w1":0.7476990818977356,"left_w2":-0.10385039448738098,"right_s0":-0.9890261292457581,"right_s1":0.4802631139755249,"right_e0":1.3095731735229492,"right_e1":1.324295163154602,"right_w0":0.11023038625717163,"right_w1":1.2216589450836182,"right_w2":3.122398614883423}
{"left_s0":0.4888284206390381,"left_s1":0.26129764318466187,"left_e0":-1.1557700634002686,"left_e1":1.2716025114059448,"left_w0":-0.5528653264045715,"left_w1":0.829129159450531,"left_w2":-0.11288714408874512,"right_s0":-0.7424800992012024,"right_s1":0.47797149419784546,"right_e0":1.2881333827972412,"right_e1":1.414788007736206,"right_w0":0.29436588287353516,"right_w1":1.142693281173706,"right_w2":3.1907010078430176}
{"left_s0":0.4932858347892761,"left_s1":0.2650095522403717,"left_e0":-1.1687915325164795,"left_e1":1.2910150289535522,"left_w0":-0.5528653264045715,"left_w1":0.8220483064651489,"left_w2":-0.1141781210899353,"right_s0":-0.737828254699707,"right_s1":0.4856102466583252,"right_e0":1.282773494720459,"right_e1":1.4084376096725464,"right_w0":0.2957714796066284,"right_w1":1.150589942932129,"right_w2":3.1907010078430176}
{"left_s0":0.4932858347892761,"left_s1":0.2563484311103821,"left_e0":-1.1713957786560059,"left_e1":1.2929563522338867,"left_w0":-0.5547977089881897,"left_w1":0.8185078501701355,"left_w2":-0.11934199929237366,"right_s0":-0.7424800992012024,"right_s1":0.5016517043113708,"right_e0":1.2774134874343872,"right_e1":1.4100252389907837,"right_w0":0.2985827922821045,"right_w1":1.1387450695037842,"right_w2":3.20208477973938}
{"left_s0":0.504429280757904,"left_s1":0.258823037147522,"left_e0":-1.1792086362838745,"left_e1":1.3152806758880615,"left_w0":-0.5683245658874512,"left_w1":0.8114269971847534,"left_w2":-0.11805102229118347,"right_s0":-0.7564355134963989,"right_s1":0.4863741397857666,"right_e0":1.2881333827972412,"right_e1":1.411612868309021,"right_w0":0.30561089515686035,"right_w1":1.1269001960754395,"right_w2":3.1565496921539307}
{"left_s0":0.5133441090583801,"left_s1":0.25511112809181213,"left_e0":-1.1713957786560059,"left_e1":1.3269281387329102,"left_w0":-0.5760542154312134,"left_w1":0.8043461441993713,"left_w2":-0.12192392349243164,"right_s0":-0.7657391428947449,"right_s1":0.4879019260406494,"right_e0":1.2774134874343872,"right_e1":1.414788007736206,"right_w0":0.29436588287353516,"right_w1":1.1229519844055176,"right_w2":3.1451659202575684}
{"left_s0":0.5211445689201355,"left_s1":0.2538738250732422,"left_e0":-1.1948342323303223,"left_e1":1.3405170440673828,"left_w0":-0.5837838053703308,"left_w1":0.8043461441993713,"left_w2":-0.11934199929237366,"right_s0":-0.8122572898864746,"right_s1":0.46956878900527954,"right_e0":1.2988532781600952,"right_e1":1.4370143413543701,"right_w0":0.32810068130493164,"right_w1":1.1190037727355957,"right_w2":3.1451659202575684}
{"left_s0":0.5233732461929321,"left_s1":0.2538738250732422,"left_e0":-1.1844171285629272,"left_e1":1.3443994522094727,"left_w0":-0.5799189805984497,"left_w1":0.7972652316093445,"left_w2":-0.12321490049362183,"right_s0":-0.807605504989624,"right_s1":0.47797149419784546,"right_e0":1.282773494720459,"right_e1":1.4243135452270508,"right_w0":0.3196669816970825,"right_w1":1.0913658142089844,"right_w2":3.122398614883423}
{"left_s0":0.5267162919044495,"left_s1":0.258823037147522,"left_e0":-1.1818128824234009,"left_e1":1.3541057109832764,"left_w0":-0.5760542154312134,"left_w1":0.786643922328949,"left_w2":-0.1283787488937378,"right_s0":-0.7983018159866333,"right_s1":0.487138032913208,"right_e0":1.264013648033142,"right_e1":1.4386019706726074,"right_w0":0.3477792739868164,"right_w1":1.0518829822540283,"right_w2":3.0768635272979736}
{"left_s0":0.5300593376159668,"left_s1":0.2600603401660919,"left_e0":-1.1818128824234009,"left_e1":1.369635820388794,"left_w0":-0.5837838053703308,"left_w1":0.786643922328949,"left_w2":-0.1257968246936798,"right_s0":-0.8215608596801758,"right_s1":0.4550551176071167,"right_e0":1.282773494720459,"right_e1":1.4370143413543701,"right_w0":0.3323174715042114,"right_w1":1.0558314323425293,"right_w2":3.054095983505249}
{"left_s0":0.5367454290390015,"left_s1":0.258823037147522,"left_e0":-1.1870214939117432,"left_e1":1.3676944971084595,"left_w0":-0.5799189805984497,"left_w1":0.7831034660339355,"left_w2":-0.12966972589492798,"right_s0":-0.8262127041816711,"right_s1":0.46269387006759644,"right_e0":1.2774134874343872,"right_e1":1.4481275081634521,"right_w0":0.35199618339538574,"right_w1":1.0321416854858398,"right_w2":3.088247299194336}
{"left_s0":0.5456602573394775,"left_s1":0.2600603401660919,"left_e0":-1.192229986190796,"left_e1":1.3774008750915527,"left_w0":-0.5953782796859741,"left_w1":0.786643922328949,"left_w2":-0.13096070289611816,"right_s0":-0.8634272217750549,"right_s1":0.4657493829727173,"right_e0":1.2586537599563599,"right_e1":1.4370143413543701,"right_w0":0.35480737686157227,"right_w1":1.0084519386291504,"right_w2":3.0313284397125244}
{"left_s0":0.5490032434463501,"left_s1":0.26129764318466187,"left_e0":-1.1948342323303223,"left_e1":1.3948720693588257,"left_w0":-0.5837838053703308,"left_w1":0.77248215675354,"left_w2":-0.13096070289611816,"right_s0":-0.8680790066719055,"right_s1":0.45581895112991333,"right_e0":1.264013648033142,"right_e1":1.4544779062271118,"right_w0":0.3632410764694214,"right_w1":0.9887107014656067,"right_w2":3.019944667816162}
{"left_s0":0.5512319803237915,"left_s1":0.2625349462032318,"left_e0":-1.2000428438186646,"left_e1":1.40069580078125,"left_w0":-0.5953782796859741,"left_w1":0.7689417004585266,"left_w2":-0.13225165009498596,"right_s0":-0.8680790066719055,"right_s1":0.46498554944992065,"right_e0":1.2693736553192139,"right_e1":1.4513026475906372,"right_w0":0.36886346340179443,"right_w1":0.976865828037262,"right_w2":2.9971771240234375}
{"left_s0":0.5478889346122742,"left_s1":0.26129764318466187,"left_e0":-1.2000428438186646,"left_e1":1.3968133926391602,"left_w0":-0.5876486301422119,"left_w1":0.765401303768158,"left_w2":-0.13354262709617615,"right_s0":-0.8680790066719055,"right_s1":0.4596383571624756,"right_e0":1.2774134874343872,"right_e1":1.4624158143997192,"right_w0":0.3576185703277588,"right_w1":0.9689692854881287,"right_w2":3.019944667816162}
{"left_s0":0.5512319803237915,"left_s1":0.257585734128952,"left_e0":-1.2052513360977173,"left_e1":1.4065196514129639,"left_w0":-0.591513454914093,"left_w1":0.765401303768158,"left_w2":-0.13225165009498596,"right_s0":-0.8866862654685974,"right_s1":0.43901365995407104,"right_e0":1.2774134874343872,"right_e1":1.4767042398452759,"right_w0":0.36464667320251465,"right_w1":0.9808141589164734,"right_w2":3.025636672973633}
{"left_s0":0.5556893944740295,"left_s1":0.26129764318466187,"left_e0":-1.1896257400512695,"left_e1":1.4084608554840088,"left_w0":-0.5799189805984497,"left_w1":0.7618608474731445,"left_w2":-0.13677003979682922,"right_s0":-0.8680790066719055,"right_s1":0.45123571157455444,"right_e0":1.2774134874343872,"right_e1":1.4735289812088013,"right_w0":0.37308037281036377,"right_w1":0.9452796578407288,"right_w2":2.9971771240234375}
{"left_s0":0.5924628973007202,"left_s1":0.2600603401660919,"left_e0":-1.2937968969345093,"left_e1":1.4919347763061523,"left_w0":-0.5586625337600708,"left_w1":0.7193755507469177,"left_w2":-0.13483360409736633,"right_s0":-0.7657391428947449,"right_s1":0.5207487344741821,"right_e0":1.282773494720459,"right_e1":1.3608098030090332,"right_w0":0.2704704999923706,"right_w1":0.8623659014701843,"right_w2":2.906107187271118}
{"left_s0":0.5924628973007202,"left_s1":0.2625349462032318,"left_e0":-1.291192650794983,"left_e1":1.4919347763061523,"left_w0":-0.5644597411155701,"left_w1":0.7264564633369446,"left_w2":-0.13612455129623413,"right_s0":-0.7610872983932495,"right_s1":0.5306791663169861,"right_e0":1.272053599357605,"right_e1":1.3465214967727661,"right_w0":0.25922560691833496,"right_w1":0.8781591057777405,"right_w2":2.9117989540100098}
{"left_s0":0.5924628973007202,"left_s1":0.257585734128952,"left_e0":-1.299005389213562,"left_e1":1.5074647665023804,"left_w0":-0.5625273585319519,"left_w1":0.7264564633369446,"left_w2":-0.13354262709617615,"right_s0":-0.7610872983932495,"right_s1":0.5299152731895447,"right_e0":1.2774134874343872,"right_e1":1.3687478303909302,"right_w0":0.24516940116882324,"right_w1":0.8821073174476624,"right_w2":2.9288747310638428}
{"left_s0":0.5980346202850342,"left_s1":0.2600603401660919,"left_e0":-1.309422492980957,"left_e1":1.5307598114013672,"left_w0":-0.5837838053703308,"left_w1":0.7406182289123535,"left_w2":-0.12966972589492798,"right_s0":-0.7843464016914368,"right_s1":0.5230403542518616,"right_e0":1.282773494720459,"right_e1":1.3766857385635376,"right_w0":0.228302001953125,"right_w1":0.8939521908760071,"right_w2":2.9459502696990967}
{"left_s0":0.5913485288619995,"left_s1":0.2600603401660919,"left_e0":-1.2964011430740356,"left_e1":1.5152297019958496,"left_w0":-0.566392183303833,"left_w1":0.729996919631958,"left_w2":-0.13418811559677124,"right_s0":-0.7471319437026978,"right_s1":0.5207487344741821,"right_e0":1.2666937112808228,"right_e1":1.3798609972000122,"right_w0":0.24798059463500977,"right_w1":0.897900402545929,"right_w2":2.940258502960205}
{"left_s0":0.5902342200279236,"left_s1":0.26377224922180176,"left_e0":-1.3146311044692993,"left_e1":1.538524866104126,"left_w0":-0.5683245658874512,"left_w1":0.7441586256027222,"left_w2":-0.1283787488937378,"right_s0":-0.7517837285995483,"right_s1":0.5386998653411865,"right_e0":1.264013648033142,"right_e1":1.3766857385635376,"right_w0":0.21705710887908936,"right_w1":0.8860556483268738,"right_w2":2.9459502696990967}
{"left_s0":0.5880054831504822,"left_s1":0.2625349462032318,"left_e0":-1.3354653120040894,"left_e1":1.5443485975265503,"left_w0":-0.5721893906593323,"left_w1":0.7583203911781311,"left_w2":-0.1283787488937378,"right_s0":-0.7657391428947449,"right_s1":0.5375540852546692,"right_e0":1.2586537599563599,"right_e1":1.3846237659454346,"right_w0":0.2030009627342224,"right_w1":0.897900402545929,"right_w2":2.9801015853881836}
{"left_s0":0.5946915745735168,"left_s1":0.26129764318466187,"left_e0":-1.3198397159576416,"left_e1":1.554054856300354,"left_w0":-0.5721893906593323,"left_w1":0.7476990818977356,"left_w2":-0.12966972589492798,"right_s0":-0.7471319437026978,"right_s1":0.5154015421867371,"right_e0":1.2666937112808228,"right_e1":1.3957369327545166,"right_w0":0.1973785161972046,"right_w1":0.917641818523407,"right_w2":2.974409580230713}
{"left_s0":0.6002633571624756,"left_s1":0.26129764318466187,"left_e0":-1.3250482082366943,"left_e1":1.5618199110031128,"left_w0":-0.5760542154312134,"left_w1":0.7476990818977356,"left_w2":-0.1283787488937378,"right_s0":-0.7657391428947449,"right_s1":0.5474844574928284,"right_e0":1.253293752670288,"right_e1":1.3973244428634644,"right_w0":0.1973785161972046,"right_w1":0.9294865727424622,"right_w2":2.985793352127075}
{"left_s0":0.5991489887237549,"left_s1":0.2625349462032318,"left_e0":-1.3250482082366943,"left_e1":1.5618199110031128,"left_w0":-0.5644597411155701,"left_w1":0.751239538192749,"left_w2":-0.1283787488937378,"right_s0":-0.7564355134963989,"right_s1":0.5291513800621033,"right_e0":1.272053599357605,"right_e1":1.4084376096725464,"right_w0":0.1664549708366394,"right_w1":0.9255383610725403,"right_w2":3.019944667816162}
{"left_s0":0.5991489887237549,"left_s1":0.26377224922180176,"left_e0":-1.3302568197250366,"left_e1":1.569584846496582,"left_w0":-0.5644597411155701,"left_w1":0.7547799944877625,"left_w2":-0.13096070289611816,"right_s0":-0.7750427722930908,"right_s1":0.5306791663169861,"right_e0":1.264013648033142,"right_e1":1.4274888038635254,"right_w0":0.2030009627342224,"right_w1":0.917641818523407,"right_w2":3.0427122116088867}
{"left_s0":0.5946915745735168,"left_s1":0.2674841582775116,"left_e0":-1.3146311044692993,"left_e1":1.5657023191452026,"left_w0":-0.5490005016326904,"left_w1":0.7618608474731445,"left_w2":-0.12966972589492798,"right_s0":-0.7517837285995483,"right_s1":0.5467206239700317,"right_e0":1.253293752670288,"right_e1":1.4163756370544434,"right_w0":0.1636437177658081,"right_w1":0.9136934876441956,"right_w2":3.0142529010772705}
{"left_s0":0.6047207713127136,"left_s1":0.2650095522403717,"left_e0":-1.3406739234924316,"left_e1":1.5851149559020996,"left_w0":-0.560594916343689,"left_w1":0.7618608474731445,"left_w2":-0.1283787488937378,"right_s0":-0.7843464016914368,"right_s1":0.523804247379303,"right_e0":1.272053599357605,"right_e1":1.4433647394180298,"right_w0":0.15239882469177246,"right_w1":0.9215900301933289,"right_w2":3.088247299194336}
{"left_s0":0.5924628973007202,"left_s1":0.26872146129608154,"left_e0":-1.3302568197250366,"left_e1":1.5657023191452026,"left_w0":-0.5470681190490723,"left_w1":0.765401303768158,"left_w2":-0.13225165009498596,"right_s0":-0.7517837285995483,"right_s1":0.5276236534118652,"right_e0":1.2452539205551147,"right_e1":1.4274888038635254,"right_w0":0.1327202320098877,"right_w1":0.9136934876441956,"right_w2":3.0427122116088867}
{"left_s0":0.5946915745735168,"left_s1":0.2761452794075012,"left_e0":-1.3250482082366943,"left_e1":1.5734673738479614,"left_w0":-0.5490005016326904,"left_w1":0.7618608474731445,"left_w2":-0.13354262709617615,"right_s0":-0.7657391428947449,"right_s1":0.5322068929672241,"right_e0":1.250613808631897,"right_e1":1.4243135452270508,"right_w0":0.16083252429962158,"right_w1":0.9018487334251404,"right_w2":3.0313284397125244}
{"left_s0":0.6047207713127136,"left_s1":0.27119606733322144,"left_e0":-1.3458824157714844,"left_e1":1.5851149559020996,"left_w0":-0.566392183303833,"left_w1":0.7689417004585266,"left_w2":-0.12708780169487,"right_s0":-0.7983018159866333,"right_s1":0.525331974029541,"right_e0":1.264013648033142,"right_e1":1.4417771100997925,"right_w0":0.14958757162094116,"right_w1":0.9215900301933289,"right_w2":3.054095983505249}
{"left_s0":0.6136355400085449,"left_s1":0.2835690975189209,"left_e0":-1.301609754562378,"left_e1":1.5152297019958496,"left_w0":-0.5760542154312134,"left_w1":0.7105244994163513,"left_w2":-0.13612455129623413,"right_s0":-0.8866862654685974,"right_s1":0.5497761368751526,"right_e0":1.229174017906189,"right_e1":1.479879379272461,"right_w0":0.15239882469177246,"right_w1":0.8781591057777405,"right_w2":3.0085608959198}
{"left_s0":0.6125211715698242,"left_s1":0.28728100657463074,"left_e0":-1.299005389213562,"left_e1":1.5191123485565186,"left_w0":-0.5837838053703308,"left_w1":0.7105244994163513,"left_w2":-0.13225165009498596,"right_s0":-0.8634272217750549,"right_s1":0.5402276515960693,"right_e0":1.23185396194458,"right_e1":1.4767042398452759,"right_w0":0.13553142547607422,"right_w1":0.8860556483268738,"right_w2":2.991485357284546}
{"left_s0":0.6102924942970276,"left_s1":0.2885183095932007,"left_e0":-1.3042140007019043,"left_e1":1.5152297019958496,"left_w0":-0.5799189805984497,"left_w1":0.71406489610672,"left_w2":-0.13354262709617615,"right_s0":-0.8773826360702515,"right_s1":0.5570330023765564,"right_e0":1.2157741785049438,"right_e1":1.479879379272461,"right_w0":0.13553142547607422,"right_w1":0.8702624440193176,"right_w2":2.9801015853881836}
{"left_s0":0.6192072629928589,"left_s1":0.2835690975189209,"left_e0":-1.312026858329773,"left_e1":1.5249360799789429,"left_w0":-0.5953782796859741,"left_w1":0.7176053524017334,"left_w2":-0.13096070289611816,"right_s0":-0.8959898948669434,"right_s1":0.5429012179374695,"right_e0":1.2345340251922607,"right_e1":1.4894049167633057,"right_w0":0.1692662239074707,"right_w1":0.8623659014701843,"right_w2":3.0085608959198}
{"left_s0":0.6236646771430969,"left_s1":0.28728100657463074,"left_e0":-1.309422492980957,"left_e1":1.536583662033081,"left_w0":-0.5992430448532104,"left_w1":0.7193755507469177,"left_w2":-0.1257968246936798,"right_s0":-0.8959898948669434,"right_s1":0.5199848413467407,"right_e0":1.2452539205551147,"right_e1":1.50528085231781,"right_w0":0.18051111698150635,"right_w1":0.8465728163719177,"right_w2":2.9971771240234375}
{"left_s0":0.6147499084472656,"left_s1":0.289755642414093,"left_e0":-1.3042140007019043,"left_e1":1.5229947566986084,"left_w0":-0.5837838053703308,"left_w1":0.7193755507469177,"left_w2":-0.13096070289611816,"right_s0":-0.8913381099700928,"right_s1":0.535262405872345,"right_e0":1.2372139692306519,"right_e1":1.4989304542541504,"right_w0":0.1692662239074707,"right_w1":0.8307797312736511,"right_w2":2.985793352127075}
{"left_s0":0.6125211715698242,"left_s1":0.2947048544883728,"left_e0":-1.3042140007019043,"left_e1":1.5268772840499878,"left_w0":-0.5837838053703308,"left_w1":0.7211458086967468,"left_w2":-0.12966972589492798,"right_s0":-0.882034420967102,"right_s1":0.5322068929672241,"right_e0":1.2345340251922607,"right_e1":1.4925801753997803,"right_w0":0.1664549708366394,"right_w1":0.8110384345054626,"right_w2":2.9801015853881836}
{"left_s0":0.6169785857200623,"left_s1":0.2996540665626526,"left_e0":-1.291192650794983,"left_e1":1.5152297019958496,"left_w0":-0.5683245658874512,"left_w1":0.7176053524017334,"left_w2":-0.13418811559677124,"right_s0":-0.8680790066719055,"right_s1":0.5260958671569824,"right_e0":1.2345340251922607,"right_e1":1.4925801753997803,"right_w0":0.21424591541290283,"right_w1":0.7873488068580627,"right_w2":2.985793352127075}
{"left_s0":0.6169785857200623,"left_s1":0.29346752166748047,"left_e0":-1.3042140007019043,"left_e1":1.5229947566986084,"left_w0":-0.5760542154312134,"left_w1":0.7158351540565491,"left_w2":-0.13225165009498596,"right_s0":-0.8866862654685974,"right_s1":0.5069988965988159,"right_e0":1.2479338645935059,"right_e1":1.5179816484451294,"right_w0":0.1945672631263733,"right_w1":0.7991935610771179,"right_w2":3.002869129180908}
{"left_s0":0.6136355400085449,"left_s1":0.2971794605255127,"left_e0":-1.3042140007019043,"left_e1":1.5210535526275635,"left_w0":-0.5760542154312134,"left_w1":0.71406489610672,"left_w2":-0.13225165009498596,"right_s0":-0.8587753772735596,"right_s1":0.5245680809020996,"right_e0":1.2264940738677979,"right_e1":1.4862297773361206,"right_w0":0.20862340927124023,"right_w1":0.7912970185279846,"right_w2":2.9801015853881836}
{"left_s0":0.6169785857200623,"left_s1":0.2909929156303406,"left_e0":-1.3146311044692993,"left_e1":1.5288186073303223,"left_w0":-0.591513454914093,"left_w1":0.7105244994163513,"left_w2":-0.12708780169487,"right_s0":-0.8913381099700928,"right_s1":0.513873815536499,"right_e0":1.261333703994751,"right_e1":1.5402079820632935,"right_w0":0.18894481658935547,"right_w1":0.7873488068580627,"right_w2":3.0142529010772705}
{"left_s0":0.6192072629928589,"left_s1":0.2971794605255127,"left_e0":-1.312026858329773,"left_e1":1.5346423387527466,"left_w0":-0.5837838053703308,"left_w1":0.7158351540565491,"left_w2":-0.12708780169487,"right_s0":-0.900641679763794,"right_s1":0.5108183026313782,"right_e0":1.261333703994751,"right_e1":1.524332046508789,"right_w0":0.1973785161972046,"right_w1":0.7715557217597961,"right_w2":3.0085608959198}
{"left_s0":0.6169785857200623,"left_s1":0.3021286725997925,"left_e0":-1.3068182468414307,"left_e1":1.5307598114013672,"left_w0":-0.5760542154312134,"left_w1":0.7122946977615356,"left_w2":-0.13354262709617615,"right_s0":-0.9052935242652893,"right_s1":0.49783235788345337,"right_e0":1.261333703994751,"right_e1":1.524332046508789,"right_w0":0.228302001953125,"right_w1":0.7873488068580627,"right_w2":3.054095983505249}
{"left_s0":0.6192072629928589,"left_s1":0.30707788467407227,"left_e0":-1.2937968969345093,"left_e1":1.5229947566986084,"left_w0":-0.5760542154312134,"left_w1":0.7122946977615356,"left_w2":-0.13096070289611816,"right_s0":-0.8866862654685974,"right_s1":0.5154015421867371,"right_e0":1.253293752670288,"right_e1":1.5211567878723145,"right_w0":0.22267961502075195,"right_w1":0.7557626366615295,"right_w2":3.0142529010772705}
{"left_s0":0.6147499084472656,"left_s1":0.3033659756183624,"left_e0":-1.2937968969345093,"left_e1":1.5229947566986084,"left_w0":-0.5721893906593323,"left_w1":0.7087542414665222,"left_w2":-0.13096070289611816,"right_s0":-0.8680790066719055,"right_s1":0.5169293284416199,"right_e0":1.239893913269043,"right_e1":1.5179816484451294,"right_w0":0.2001897096633911,"right_w1":0.7597108483314514,"right_w2":2.991485357284546}
{"left_s0":0.6169785857200623,"left_s1":0.3046032786369324,"left_e0":-1.2937968969345093,"left_e1":1.5249360799789429,"left_w0":-0.5683245658874512,"left_w1":0.7087542414665222,"left_w2":-0.13096070289611816,"right_s0":-0.8727308511734009,"right_s1":0.5077627897262573,"right_e0":1.2559738159179688,"right_e1":1.5433831214904785,"right_w0":0.1945672631263733,"right_w1":0.7636591792106628,"right_w2":3.019944667816162}
{"left_s0":0.5891198515892029,"left_s1":0.32563742995262146,"left_e0":-1.2651498317718506,"left_e1":1.4298145771026611,"left_w0":-0.38281354308128357,"left_w1":0.6662690043449402,"left_w2":-0.14967972040176392,"right_s0":-1.0774105787277222,"right_s1":0.45734673738479614,"right_e0":1.3095731735229492,"right_e1":1.603711724281311,"right_w0":0.05962824821472168,"right_w1":0.617573082447052,"right_w2":3.1451659202575684}
{"left_s0":0.5891198515892029,"left_s1":0.32563742995262146,"left_e0":-1.267754077911377,"left_e1":1.435638427734375,"left_w0":-0.3866783380508423,"left_w1":0.6644987463951111,"left_w2":-0.14903423190116882,"right_s0":-1.0727587938308716,"right_s1":0.4542912244796753,"right_e0":1.3310129642486572,"right_e1":1.6100621223449707,"right_w0":0.0652506947517395,"right_w1":0.6353402733802795,"right_w2":3.133782148361206}
{"left_s0":0.5835481286048889,"left_s1":0.3268747329711914,"left_e0":-1.2651498317718506,"left_e1":1.4434034824371338,"left_w0":-0.3905431628227234,"left_w1":0.6627285480499268,"left_w2":-0.14838874340057373,"right_s0":-1.0494996309280396,"right_s1":0.4665132761001587,"right_e0":1.3202930688858032,"right_e1":1.5910109281539917,"right_w0":0.0680619478225708,"right_w1":0.639288604259491,"right_w2":3.088247299194336}
{"left_s0":0.5935772657394409,"left_s1":0.3268747329711914,"left_e0":-1.2807754278182983,"left_e1":1.451168417930603,"left_w0":-0.39634037017822266,"left_w1":0.6768903136253357,"left_w2":-0.14451584219932556,"right_s0":-1.1006696224212646,"right_s1":0.45658284425735474,"right_e0":1.3524527549743652,"right_e1":1.606886863708496,"right_w0":0.045572102069854736,"right_w1":0.6610040068626404,"right_w2":3.1451659202575684}
{"left_s0":0.5857768058776855,"left_s1":0.33058664202690125,"left_e0":-1.2521283626556396,"left_e1":1.43369722366333,"left_w0":-0.3847459554672241,"left_w1":0.6609583497047424,"left_w2":-0.1516161561012268,"right_s0":-1.0588033199310303,"right_s1":0.44512468576431274,"right_e0":1.325653076171875,"right_e1":1.5910109281539917,"right_w0":0.05962824821472168,"right_w1":0.6333661675453186,"right_w2":3.1110148429870605}
{"left_s0":0.5880054831504822,"left_s1":0.33306124806404114,"left_e0":-1.2495241165161133,"left_e1":1.4317559003829956,"left_w0":-0.3847459554672241,"left_w1":0.6556476950645447,"left_w2":-0.15355262160301208,"right_s0":-1.091365933418274,"right_s1":0.4527634382247925,"right_e0":1.3417328596115112,"right_e1":1.5878357887268066,"right_w0":0.037138402462005615,"right_w1":0.6491592526435852,"right_w2":3.1110148429870605}
{"left_s0":0.5868911743164062,"left_s1":0.3318239450454712,"left_e0":-1.2547327280044556,"left_e1":1.435638427734375,"left_w0":-0.3847459554672241,"left_w1":0.657417893409729,"left_w2":-0.1516161561012268,"right_s0":-1.0820623636245728,"right_s1":0.4527634382247925,"right_e0":1.3310129642486572,"right_e1":1.5973613262176514,"right_w0":0.037138402462005615,"right_w1":0.6491592526435852,"right_w2":3.0768635272979736}
{"left_s0":0.5924628973007202,"left_s1":0.33306124806404114,"left_e0":-1.2547327280044556,"left_e1":1.43369722366333,"left_w0":-0.38861075043678284,"left_w1":0.6538774371147156,"left_w2":-0.1522616446018219,"right_s0":-1.1192768812179565,"right_s1":0.4542912244796753,"right_e0":1.357812762260437,"right_e1":1.6100621223449707,"right_w0":0.048383355140686035,"right_w1":0.6550816893577576,"right_w2":3.122398614883423}
{"left_s0":0.5913485288619995,"left_s1":0.33058664202690125,"left_e0":-1.2495241165161133,"left_e1":1.435638427734375,"left_w0":-0.3847459554672241,"left_w1":0.6432561278343201,"left_w2":-0.15419811010360718,"right_s0":-1.1192768812179565,"right_s1":0.46498554944992065,"right_e0":1.3524527549743652,"right_e1":1.6132372617721558,"right_w0":0.06243950128555298,"right_w1":0.6728488802909851,"right_w2":3.1110148429870605}
{"left_s0":0.5835481286048889,"left_s1":0.3342985510826111,"left_e0":-1.236502766609192,"left_e1":1.4239909648895264,"left_w0":-0.3731514811515808,"left_w1":0.6344050168991089,"left_w2":-0.15807101130485535,"right_s0":-1.0820623636245728,"right_s1":0.48331862688064575,"right_e0":1.3310129642486572,"right_e1":1.5910109281539917,"right_w0":0.048383355140686035,"right_w1":0.6570557951927185,"right_w2":3.054095983505249}
{"left_s0":0.5813193917274475,"left_s1":0.33306124806404114,"left_e0":-1.2312941551208496,"left_e1":1.4259321689605713,"left_w0":-0.37894871830940247,"left_w1":0.6344050168991089,"left_w2":-0.15548905730247498,"right_s0":-1.0727587938308716,"right_s1":0.49783235788345337,"right_e0":1.3417328596115112,"right_e1":1.5973613262176514,"right_w0":0.05681699514389038,"right_w1":0.6570557951927185,"right_w2":2.9971771240234375}
{"left_s0":0.5813193917274475,"left_s1":0.3318239450454712,"left_e0":-1.2312941551208496,"left_e1":1.4162259101867676,"left_w0":-0.36735427379608154,"left_w1":0.6308646202087402,"left_w2":-0.15548905730247498,"right_s0":-1.0820623636245728,"right_s1":0.487138032913208,"right_e0":1.3524527549743652,"right_e1":1.606886863708496,"right_w0":0.05681699514389038,"right_w1":0.6531074643135071,"right_w2":2.985793352127075}
{"left_s0":0.5824337601661682,"left_s1":0.33553585410118103,"left_e0":-1.2443156242370605,"left_e1":1.4162259101867676,"left_w0":-0.3692866861820221,"left_w1":0.6308646202087402,"left_w2":-0.15742552280426025,"right_s0":-1.1099731922149658,"right_s1":0.4947768449783325,"right_e0":1.3524527549743652,"right_e1":1.6227627992630005,"right_w0":0.04276084899902344,"right_w1":0.674822986125946,"right_w2":2.9687178134918213}
{"left_s0":0.5768619775772095,"left_s1":0.336773157119751,"left_e0":-1.2260856628417969,"left_e1":1.4084608554840088,"left_w0":-0.3654218912124634,"left_w1":0.6237837076187134,"left_w2":-0.15678003430366516,"right_s0":-1.0820623636245728,"right_s1":0.5230403542518616,"right_e0":1.336372971534729,"right_e1":1.6132372617721558,"right_w0":0.07087314128875732,"right_w1":0.6531074643135071,"right_w2":2.9117989540100098}
{"left_s0":0.5802050828933716,"left_s1":0.34419697523117065,"left_e0":-1.223481297492981,"left_e1":1.414284586906433,"left_w0":-0.37121909856796265,"left_w1":0.6273241639137268,"left_w2":-0.15936195850372314,"right_s0":-1.0774105787277222,"right_s1":0.5154015421867371,"right_e0":1.347092866897583,"right_e1":1.6195876598358154,"right_w0":0.08211809396743774,"right_w1":0.6452109217643738,"right_w2":2.9288747310638428}
{"left_s0":0.5746333003044128,"left_s1":0.3429596722126007,"left_e0":-1.2182728052139282,"left_e1":1.4104020595550537,"left_w0":-0.36348944902420044,"left_w1":0.6202433109283447,"left_w2":-0.16065293550491333,"right_s0":-1.0588033199310303,"right_s1":0.5169293284416199,"right_e0":1.347092866897583,"right_e1":1.625938057899475,"right_w0":0.07368439435958862,"right_w1":0.6531074643135071,"right_w2":2.9004151821136475}
{"left_s0":0.5534606575965881,"left_s1":0.32316282391548157,"left_e0":-1.1818128824234009,"left_e1":1.3735182285308838,"left_w0":-0.22725480794906616,"left_w1":0.5388131737709045,"left_w2":-0.17485356330871582,"right_s0":-1.026240587234497,"right_s1":0.47567981481552124,"right_e0":1.1407349109649658,"right_e1":1.7021424770355225,"right_w0":-0.013463735580444336,"right_w1":0.6669264435768127,"right_w2":3.0996310710906982}
{"left_s0":0.5545750260353088,"left_s1":0.32563742995262146,"left_e0":-1.1661871671676636,"left_e1":1.3599295616149902,"left_w0":-0.22242379188537598,"left_w1":0.5441238284111023,"left_w2":-0.1754990518093109,"right_s0":-1.0494996309280396,"right_s1":0.46422165632247925,"right_e0":1.1728945970535278,"right_e1":1.7465951442718506,"right_w0":-0.047198474407196045,"right_w1":0.6728488802909851,"right_w2":3.133782148361206}
{"left_s0":0.5512319803237915,"left_s1":0.32563742995262146,"left_e0":-1.1766042709350586,"left_e1":1.36381196975708,"left_w0":-0.2301534116268158,"left_w1":0.542353630065918,"left_w2":-0.176144540309906,"right_s0":-1.0494996309280396,"right_s1":0.4611661434173584,"right_e0":1.1621747016906738,"right_e1":1.7211936712265015,"right_w0":-0.02470862865447998,"right_w1":0.6610040068626404,"right_w2":3.133782148361206}
{"left_s0":0.5467745661735535,"left_s1":0.3244001269340515,"left_e0":-1.1609786748886108,"left_e1":1.3541057109832764,"left_w0":-0.22435620427131653,"left_w1":0.5458940863609314,"left_w2":-0.1754990518093109,"right_s0":-1.0076333284378052,"right_s1":0.47186046838760376,"right_e0":1.1568148136138916,"right_e1":1.7180184125900269,"right_w0":-0.02189737558364868,"right_w1":0.6550816893577576,"right_w2":3.088247299194336}
{"left_s0":0.5456602573394775,"left_s1":0.32563742995262146,"left_e0":-1.158374309539795,"left_e1":1.3599295616149902,"left_w0":-0.21952518820762634,"left_w1":0.542353630065918,"left_w2":-0.17485356330871582,"right_s0":-1.0029815435409546,"right_s1":0.48255473375320435,"right_e0":1.1380549669265747,"right_e1":1.7180184125900269,"right_w0":0.0005924105644226074,"right_w1":0.6669264435768127,"right_w2":3.088247299194336}
{"left_s0":0.5545750260353088,"left_s1":0.32563742995262146,"left_e0":-1.1713957786560059,"left_e1":1.3657532930374146,"left_w0":-0.23305201530456543,"left_w1":0.5494344830513,"left_w2":-0.17162615060806274,"right_s0":-1.0076333284378052,"right_s1":0.4672771692276001,"right_e0":1.1621747016906738,"right_e1":1.7338944673538208,"right_w0":-0.007841229438781738,"right_w1":0.6649523377418518,"right_w2":3.0996310710906982}
{"left_s0":0.5501176118850708,"left_s1":0.3268747329711914,"left_e0":-1.1687915325164795,"left_e1":1.369635820388794,"left_w0":-0.2301534116268158,"left_w1":0.5547451376914978,"left_w2":-0.17291712760925293,"right_s0":-0.998329758644104,"right_s1":0.4726243019104004,"right_e0":1.1594947576522827,"right_e1":1.7465951442718506,"right_w0":0.023082256317138672,"right_w1":0.674822986125946,"right_w2":3.0654797554016113}
{"left_s0":0.5534606575965881,"left_s1":0.3244001269340515,"left_e0":-1.1635829210281372,"left_e1":1.3599295616149902,"left_w0":-0.23111963272094727,"left_w1":0.5529749393463135,"left_w2":-0.17227163910865784,"right_s0":-0.998329758644104,"right_s1":0.48866575956344604,"right_e0":1.1541348695755005,"right_e1":1.75929594039917,"right_w0":0.009026110172271729,"right_w1":0.6629782319068909,"right_w2":3.0768635272979736}
{"left_s0":0.5512319803237915,"left_s1":0.3268747329711914,"left_e0":-1.1661871671676636,"left_e1":1.3676944971084595,"left_w0":-0.23498442769050598,"left_w1":0.5529749393463135,"left_w2":-0.17098066210746765,"right_s0":-0.9611152410507202,"right_s1":0.48942965269088745,"right_e0":1.1460949182510376,"right_e1":1.75929594039917,"right_w0":0.037138402462005615,"right_w1":0.6471851468086243,"right_w2":3.002869129180908}
{"left_s0":0.5568037033081055,"left_s1":0.32563742995262146,"left_e0":-1.158374309539795,"left_e1":1.3599295616149902,"left_w0":-0.23305201530456543,"left_w1":0.5512047410011292,"left_w2":-0.17098066210746765,"right_s0":-0.9843742847442627,"right_s1":0.49630457162857056,"right_e0":1.1514548063278198,"right_e1":1.781522274017334,"right_w0":0.01464855670928955,"right_w1":0.6689005494117737,"right_w2":3.054095983505249}
{"left_s0":0.5556893944740295,"left_s1":0.32811203598976135,"left_e0":-1.1740000247955322,"left_e1":1.36381196975708,"left_w0":-0.22822099924087524,"left_w1":0.5600557923316956,"left_w2":-0.16710776090621948,"right_s0":-0.9704188704490662,"right_s1":0.4924851655960083,"right_e0":1.1621747016906738,"right_e1":1.8005733489990234,"right_w0":-0.002218782901763916,"right_w1":0.6827195286750793,"right_w2":3.0427122116088867}
{"left_s0":0.5501176118850708,"left_s1":0.32811203598976135,"left_e0":-1.1479572057724,"left_e1":1.3541057109832764,"left_w0":-0.23208582401275635,"left_w1":0.5476642847061157,"left_w2":-0.17033517360687256,"right_s0":-0.9425079822540283,"right_s1":0.5215125679969788,"right_e0":1.1487748622894287,"right_e1":1.8100988864898682,"right_w0":-0.002218782901763916,"right_w1":0.6531074643135071,"right_w2":3.0085608959198}
{"left_s0":0.5523462891578674,"left_s1":0.3293493390083313,"left_e0":-1.1661871671676636,"left_e1":1.3560470342636108,"left_w0":-0.22628861665725708,"left_w1":0.5547451376914978,"left_w2":-0.16968971490859985,"right_s0":-0.9285525679588318,"right_s1":0.5146376490592957,"right_e0":1.1568148136138916,"right_e1":1.8132741451263428,"right_w0":0.01464855670928955,"right_w1":0.6689005494117737,"right_w2":3.002869129180908}
{"left_s0":0.5523462891578674,"left_s1":0.3318239450454712,"left_e0":-1.1609786748886108,"left_e1":1.3560470342636108,"left_w0":-0.22338998317718506,"left_w1":0.5582855939865112,"left_w2":-0.16968971490859985,"right_s0":-0.9378561973571777,"right_s1":0.5131099224090576,"right_e0":1.1487748622894287,"right_e1":1.8259748220443726,"right_w0":0.0034036636352539062,"right_w1":0.6649523377418518,"right_w2":2.9971771240234375}
{"left_s0":0.5545750260353088,"left_s1":0.32811203598976135,"left_e0":-1.1713957786560059,"left_e1":1.3599295616149902,"left_w0":-0.2340182363986969,"left_w1":0.5565153956413269,"left_w2":-0.16775324940681458,"right_s0":-0.9518116116523743,"right_s1":0.5092905163764954,"right_e0":1.1621747016906738,"right_e1":1.8323252201080322,"right_w0":0.01464855670928955,"right_w1":0.6787713170051575,"right_w2":2.9971771240234375}
{"left_s0":0.5501176118850708,"left_s1":0.33306124806404114,"left_e0":-1.158374309539795,"left_e1":1.348281979560852,"left_w0":-0.22242379188537598,"left_w1":0.5529749393463135,"left_w2":-0.17227163910865784,"right_s0":-0.9425079822540283,"right_s1":0.5260958671569824,"right_e0":1.1594947576522827,"right_e1":1.8259748220443726,"right_w0":0.01464855670928955,"right_w1":0.6610040068626404,"right_w2":2.9971771240234375}
