left_w0,left_w1,left_w2,left_e0,left_e1,left_s0,left_s1,right_s0,right_s1,right_e0,right_e1,right_w0,right_w1,right_w2
0.4210777262745461,-0.1698883722583095,-0.4640291883353377,0.0187912646515963,0.5863641561691995,0.2945243112739994,0.8851069146098838,-0.3964642590428999,0.8844634173232038,-0.0161224773677579,0.5884460600819157,-0.4277280337342244,-0.16607720331328,0.4610113942428429
0.4210777262745461,-0.1698883722583095,-0.4640291883353377,0.0187912646515963,0.5863641561691995,0.2945243112739994,0.8851069146098838,-0.4060725580926693,0.8753427316875283,-0.0013479329270625,0.6011068782636981,-0.4617024359581071,-0.1937170250593732,0.4612977614534895
0.4210777262745461,-0.1698883722583095,-0.4640291883353377,0.0187912646515963,0.5863641561691995,0.2945243112739994,0.8851069146098838,-0.4156808571424387,0.8662220460518527,0.0134266115136328,0.6137676964454806,-0.4956768381819899,-0.2213568468054664,0.4615841286641361
0.4210777262745461,-0.1698883722583095,-0.4640291883353377,0.0187912646515963,0.5863641561691995,0.2945243112739994,0.8851069146098838,-0.4252891561922081,0.8571013604161773,0.0282011559543283,0.626428514627263,-0.5296512404058727,-0.2489966685515596,0.4618704958747827
0.4210777262745461,-0.1698883722583095,-0.4640291883353377,0.0187912646515963,0.5863641561691995,0.2945243112739994,0.8851069146098838,-0.4348974552419775,0.8479806747805018,0.0429757003950237,0.6390893328090456,-0.5636256426297556,-0.2766364902976528,0.4621568630854293
0.4210777262745461,-0.1698883722583095,-0.4640291883353377,0.0187912646515963,0.5863641561691995,0.2945243112739994,0.8851069146098838,-0.4445057542917469,0.8388599891448263,0.0577502448357191,0.651750150990828,-0.5976000448536383,-0.304276312043746,0.4624432302960759
0.4210777262745461,-0.1698883722583095,-0.4640291883353377,0.0187912646515963,0.5863641561691995,0.2945243112739994,0.8851069146098838,-0.4541140533415163,0.8297393035091508,0.0725247892764145,0.6644109691726103,-0.6315744470775211,-0.3319161337898392,0.4627295975067225
0.4210777262745461,-0.1698883722583095,-0.4640291883353377,0.0187912646515963,0.5863641561691995,0.2945243112739994,0.8851069146098838,-0.4637223523912857,0.8206186178734752,0.0872993337171099,0.6770717873543929,-0.6655488493014039,-0.3595559555359324,0.4630159647173691
0.4210777262745461,-0.1698883722583095,-0.4640291883353377,0.0187912646515963,0.5863641561691995,0.2945243112739994,0.8851069146098838,-0.4733306514410551,0.8114979322377999,0.1020738781578054,0.6897326055361754,-0.6995232515252867,-0.3871957772820257,0.4633023319280158
0.4210777262745461,-0.1698883722583095,-0.4640291883353377,0.0187912646515963,0.5863641561691995,0.2945243112739994,0.8851069146098838,-0.4829389504908245,0.8023772466021243,0.1168484225985008,0.7023934237179578,-0.7334976537491695,-0.4148355990281188,0.4635886991386624
0.4210777262745461,-0.1698883722583095,-0.4640291883353377,0.0187912646515963,0.5863641561691995,0.2945243112739994,0.8851069146098838,-0.4925472495405938,0.7932565609664488,0.1316229670391962,0.7150542418997403,-0.7674720559730522,-0.442475420774212,0.463875066349309
0.4210777262745461,-0.1698883722583095,-0.4640291883353377,0.0187912646515963,0.5863641561691995,0.2945243112739994,0.8851069146098838,-0.5021555485903633,0.7841358753307733,0.1463975114798916,0.7277150600815228,-0.801446458196935,-0.4701152425203053,0.4641614335599556
0.4210777262745461,-0.1698883722583095,-0.4640291883353377,0.0187912646515963,0.5863641561691995,0.2945243112739994,0.8851069146098838,-0.5117638476401326,0.7750151896950978,0.1611720559205871,0.7403758782633052,-0.8354208604208178,-0.4977550642663984,0.4644478007706022
0.4210777262745461,-0.1698883722583095,-0.4640291883353377,0.0187912646515963,0.5863641561691995,0.2945243112739994,0.8851069146098838,-0.5213721466899021,0.7658945040594224,0.1759466003612824,0.7530366964450876,-0.8693952626447006,-0.5253948860124916,0.4647341679812489
0.4210777262745461,-0.1698883722583095,-0.4640291883353377,0.0187912646515963,0.5863641561691995,0.2945243112739994,0.8851069146098838,-0.5309804457396714,0.7567738184237468,0.1907211448019779,0.7656975146268701,-0.9033696648685834,-0.5530347077585849,0.4650205351918954
0.4210777262745461,-0.1698883722583095,-0.4640291883353377,0.0187912646515963,0.5863641561691995,0.2945243112739994,0.8851069146098838,-0.5405887447894409,0.7476531327880713,0.2054956892426733,0.7783583328086525,-0.9373440670924662,-0.580674529504678,0.4653069024025421
0.4210777262745461,-0.1698883722583095,-0.4640291883353377,0.0187912646515963,0.5863641561691995,0.2945243112739994,0.8851069146098838,-0.5501970438392102,0.7385324471523959,0.2202702336833687,0.791019150990435,-0.971318469316349,-0.6083143512507713,0.4655932696131887
0.4210777262745461,-0.1698883722583095,-0.4640291883353377,0.0187912646515963,0.5863641561691995,0.2945243112739994,0.8851069146098838,-0.5598053428889795,0.7294117615167203,0.2350447781240641,0.8036799691722174,-1.0052928715402318,-0.6359541729968644,0.4658796368238353
0.4210777262745461,-0.1698883722583095,-0.4640291883353377,0.0187912646515963,0.5863641561691995,0.2945243112739994,0.8851069146098838,-0.569413641938749,0.7202910758810449,0.2498193225647595,0.816340787354,-1.0392672737641149,-0.6635939947429577,0.4661660040344819
0.4210777262745461,-0.1698883722583095,-0.4640291883353377,0.0187912646515963,0.5863641561691995,0.2945243112739994,0.8851069146098838,-0.5790219409885183,0.7111703902453693,0.264593867005455,0.8290016055357823,-1.0732416759879972,-0.6912338164890508,0.4664523712451285
0.4210777262745461,-0.1698883722583095,-0.4640291883353377,0.0187912646515963,0.5863641561691995,0.2945243112739994,0.8851069146098838,-0.5886302400382878,0.7020497046096938,0.2793684114461504,0.8416624237175648,-1.10721607821188,-0.718873638235144,0.4667387384557752
0.4210777262745461,-0.1698883722583095,-0.4640291883353377,0.0187912646515963,0.5863641561691995,0.2945243112739994,0.8851069146098838,-0.5982385390880572,0.6929290189740183,0.2941429558868458,0.8543232418993474,-1.1411904804357629,-0.7465134599812373,0.4670251056664217
0.4210777262745461,-0.1698883722583095,-0.4640291883353377,0.0187912646515963,0.5863641561691995,0.2945243112739994,0.8851069146098838,-0.6078468381378266,0.6838083333383429,0.3089175003275413,0.8669840600811298,-1.1751648826596457,-0.7741532817273306,0.4673114728770684
0.4210777262745461,-0.1698883722583095,-0.4640291883353377,0.0187912646515963,0.5863641561691995,0.2945243112739994,0.8851069146098838,-0.6174551371875959,0.6746876477026673,0.3236920447682366,0.8796448782629123,-1.2091392848835285,-0.8017931034734236,0.467597840087715
0.4210777262745461,-0.1698883722583095,-0.4640291883353377,0.0187912646515963,0.5863641561691995,0.2945243112739994,0.8851069146098838,-0.6270634362373654,0.665566962066992,0.3384665892089321,0.8923056964446947,-1.243113687107411,-0.8294329252195168,0.4678842072983616
0.4210777262745461,-0.1698883722583095,-0.4640291883353377,0.0187912646515963,0.5863641561691995,0.2945243112739994,0.8851069146098838,-0.6366717352871347,0.6564462764313164,0.3532411336496275,0.9049665146264771,-1.277088089331294,-0.8570727469656101,0.4681705745090082
0.4210777262745461,-0.1698883722583095,-0.4640291883353377,0.0187912646515963,0.5863641561691995,0.2945243112739994,0.8851069146098838,-0.6462800343369042,0.6473255907956408,0.3680156780903229,0.9176273328082596,-1.3110624915551767,-0.8847125687117032,0.4684569417196548
0.4210777262745461,-0.1698883722583095,-0.4640291883353377,0.0187912646515963,0.5863641561691995,0.2945243112739994,0.8851069146098838,-0.6558883333866736,0.6382049051599654,0.3827902225310184,0.930288150990042,-1.3450368937790596,-0.9123523904577964,0.4687433089303014
0.4210777262745461,-0.1698883722583095,-0.4640291883353377,0.0187912646515963,0.5863641561691995,0.2945243112739994,0.8851069146098838,-0.6654966324364429,0.6290842195242898,0.3975647669717138,0.9429489691718244,-1.3790112960029424,-0.9399922122038896,0.469029676140948
0.4210777262745461,-0.1698883722583095,-0.4640291883353377,0.0187912646515963,0.5863641561691995,0.2945243112739994,0.8851069146098838,-0.6751049314862123,0.6199635338886145,0.4123393114124092,0.955609787353607,-1.412985698226825,-0.9676320339499828,0.4693160433515946
0.4210777262745461,-0.1698883722583095,-0.4640291883353377,0.0187912646515963,0.5863641561691995,0.2945243112739994,0.8851069146098838,-0.6847132305359818,0.6108428482529389,0.4271138558531046,0.9682706055353894,-1.446960100450708,-0.995271855696076,0.4696024105622413
0.4210777262745461,-0.1698883722583095,-0.4640291883353377,0.0187912646515963,0.5863641561691995,0.2945243112739994,0.8851069146098838,-0.6943215295857511,0.6017221626172633,0.4418884002938,0.9809314237171718,-1.4809345026745908,-1.0229116774421692,0.4698887777728879
0.4210777262745461,-0.1698883722583095,-0.4640291883353377,0.0187912646515963,0.5863641561691995,0.2945243112739994,0.8851069146098838,-0.7039298286355204,0.5926014769815879,0.4566629447344955,0.9935922418989545,-1.5149089048984736,-1.0505514991882623,0.4701751449835345
0.4210777262745461,-0.1698883722583095,-0.4640291883353377,0.0187912646515963,0.5863641561691995,0.2945243112739994,0.8851069146098838,-0.7135381276852899,0.5834807913459124,0.4714374891751908,1.006253060080737,-1.548883307122356,-1.0781913209343557,0.4704615121941811
0.4210777262745461,-0.1698883722583095,-0.4640291883353377,0.0187912646515963,0.5863641561691995,0.2945243112739994,0.8851069146098838,-0.7231464267350592,0.574360105710237,0.4862120336158863,1.0189138782625191,-1.582857709346239,-1.1058311426804488,0.4707478794048277
0.4210777262745461,-0.1698883722583095,-0.4640291883353377,0.0187912646515963,0.5863641561691995,0.2945243112739994,0.8851069146098838,-0.7327547257848287,0.5652394200745614,0.5009865780565818,1.0315746964443018,-1.616832111570122,-1.1334709644265422,0.4710342466154744
0.4210777262745461,-0.1698883722583095,-0.4640291883353377,0.0187912646515963,0.5863641561691995,0.2945243112739994,0.8851069146098838,-0.7423630248345982,0.5561187344388858,0.5157611224972771,1.0442355146260842,-1.650806513794005,-1.1611107861726353,0.471320613826121
0.4210777262745461,-0.1698883722583095,-0.4640291883353377,0.0187912646515963,0.5863641561691995,0.2945243112739994,0.8851069146098838,-0.7519713238843674,0.5469980488032105,0.5305356669379725,1.0568963328078669,-1.6847809160178873,-1.1887506079187289,0.4716069810367676
0.4210777262745461,-0.1698883722583095,-0.4640291883353377,0.0187912646515963,0.5863641561691995,0.2945243112739994,0.8851069146098838,-0.7615796229341368,0.5378773631675349,0.545310211378668,1.069557150989649,-1.71875531824177,-1.2163904296648216,0.4718933482474142
0.4210777262745461,-0.1698883722583095,-0.4640291883353377,0.0187912646515963,0.5863641561691995,0.2945243112739994,0.8851069146098838,-0.7711879219839062,0.5287566775318594,0.5600847558193635,1.0822179691714315,-1.752729720465653,-1.244030251410915,0.4721797154580608
0.4210777262745461,-0.1698883722583095,-0.4640291883353377,0.0187912646515963,0.5863641561691995,0.2945243112739994,0.8851069146098838,-0.7807962210336756,0.5196359918961839,0.5748593002600588,1.094878787353214,-1.7867041226895355,-1.271670073157008,0.4724660826687074
0.4210777262745461,-0.1698883722583095,-0.4640291883353377,0.0187912646515963,0.5863641561691995,0.2945243112739994,0.8851069146098838,-0.7997638934758788,0.5237470604077168,0.5812560001455409,1.111652867268741,-1.807781018715081,-1.2466738562184154,0.4697739463859685
0.4210777262745461,-0.1698883722583095,-0.4640291883353377,0.0187912646515963,0.5863641561691995,0.2945243112739994,0.8851069146098838,-0.8234734840286326,0.528885896047133,0.5892518750023937,1.1326204671631497,-1.834127138747013,-1.2154285850451745,0.4664087760325449
0.4210777262745461,-0.1698883722583095,-0.4640291883353377,0.0187912646515963,0.5863641561691995,0.2945243112739994,0.8851069146098838,-0.8471830745813865,0.5340247316865491,0.5972477498592464,1.1535880670575585,-1.8604732587789448,-1.184183313871933,0.4630436056791213
0.4210777262745461,-0.1698883722583095,-0.4640291883353377,0.0187912646515963,0.5863641561691995,0.2945243112739994,0.8851069146098838,-0.8708926651341405,0.5391635673259653,0.6052436247160992,1.1745556669519672,-1.8868193788108767,-1.1529380426986922,0.4596784353256977
0.4210777262745461,-0.1698883722583095,-0.4640291883353377,0.0187912646515963,0.5863641561691995,0.2945243112739994,0.8851069146098838,-0.8946022556868944,0.5443024029653813,0.6132394995729519,1.195523266846376,-1.913165498842809,-1.121692771525451,0.456313264972274
0.4210777262745461,-0.1698883722583095,-0.4640291883353377,0.0187912646515963,0.5863641561691995,0.2945243112739994,0.8851069146098838,-0.9183118462396485,0.5494412386047975,0.6212353744298046,1.2164908667407848,-1.939511618874741,-1.0904475003522105,0.4529480946188504
0.4210777262745461,-0.1698883722583095,-0.4640291883353377,0.0187912646515963,0.5863641561691995,0.2945243112739994,0.8851069146098838,-0.9420214367924024,0.5545800742442136,0.6292312492866573,1.237458466635193,-1.9658577389066727,-1.0592022291789691,0.4495829242654267
0.4210777262745461,-0.1698883722583095,-0.4640291883353377,0.0187912646515963,0.5863641561691995,0.2945243112739994,0.8851069146098838,-0.9657310273451564,0.5597189098836297,0.63722712414351,1.258426066529602,-1.992203858938605,-1.0279569580057282,0.4462177539120031
0.4210777262745461,-0.1698883722583095,-0.4640291883353377,0.0187912646515963,0.5863641561691995,0.2945243112739994,0.8851069146098838,-0.9894406178979104,0.5648577455230459,0.6452229990003627,1.2793936664240109,-2.018549978970537,-0.9967116868324872,0.4428525835585795
0.4210777262745461,-0.1698883722583095,-0.4640291883353377,0.0187912646515963,0.5863641561691995,0.2945243112739994,0.8851069146098838,-1.013150208450664,0.5699965811624621,0.6532188738572154,1.3003612663184196,-2.044896099002469,-0.965466415659246,0.4394874132051559
0.4210777262745461,-0.1698883722583095,-0.4640291883353377,0.0187912646515963,0.5863641561691995,0.2945243112739994,0.8851069146098838,-1.036859799003418,0.5751354168018782,0.6612147487140683,1.3213288662128284,-2.071242219034401,-0.934221144486005,0.4361222428517323
0.4210777262745461,-0.1698883722583095,-0.4640291883353377,0.0187912646515963,0.5863641561691995,0.2945243112739994,0.8851069146098838,-1.060569389556172,0.5802742524412944,0.669210623570921,1.3422964661072374,-2.097588339066333,-0.902975873312764,0.4327570724983087
0.4210777262745461,-0.1698883722583095,-0.4640291883353377,0.0187912646515963,0.5863641561691995,0.2945243112739994,0.8851069146098838,-1.084278980108926,0.5854130880807105,0.6772064984277736,1.363264066001646,-2.123934459098265,-0.8717306021395229,0.429391902144885
0.4210777262745461,-0.1698883722583095,-0.4640291883353377,0.0187912646515963,0.5863641561691995,0.2945243112739994,0.8851069146098838,-1.10798857066168,0.5905519237201267,0.6852023732846264,1.3842316658960547,-2.1502805791301967,-0.840485330966282,0.4260267317914614
0.4210777262745461,-0.1698883722583095,-0.4640291883353377,0.0187912646515963,0.5863641561691995,0.2945243112739994,0.8851069146098838,-1.1316981612144337,0.5956907593595427,0.6931982481414791,1.4051992657904635,-2.176626699162129,-0.8092400597930409,0.4226615614380378
0.4210777262745461,-0.1698883722583095,-0.4640291883353377,0.0187912646515963,0.5863641561691995,0.2945243112739994,0.8851069146098838,-1.1554077517671877,0.6008295949989588,0.7011941229983318,1.4261668656848725,-2.202972819194061,-0.7779947886198,0.4192963910846141
0.4210777262745461,-0.1698883722583095,-0.4640291883353377,0.0187912646515963,0.5863641561691995,0.2945243112739994,0.8851069146098838,-1.1791173423199417,0.605968430638375,0.7091899978551846,1.447134465579281,-2.229318939225993,-0.746749517446559,0.4159312207311906
0.4210777262745461,-0.1698883722583095,-0.4640291883353377,0.0187912646515963,0.5863641561691995,0.2945243112739994,0.8851069146098838,-1.2028269328726957,0.6111072662777912,0.7171858727120373,1.4681020654736896,-2.255665059257925,-0.7155042462733178,0.4125660503777668
0.4210777262745461,-0.1698883722583095,-0.4640291883353377,0.0187912646515963,0.5863641561691995,0.2945243112739994,0.8851069146098838,-1.2265365234254493,0.6162461019172072,0.72518174756889,1.4890696653680986,-2.2820111792898565,-0.6842589751000768,0.4092008800243432
0.4210777262745461,-0.1698883722583095,-0.4640291883353377,0.0187912646515963,0.5863641561691995,0.2945243112739994,0.8851069146098838,-1.2502461139782033,0.6213849375566234,0.7331776224257427,1.5100372652625071,-2.3083572993217887,-0.6530137039268358,0.4058357096709196
0.4210777262745461,-0.1698883722583095,-0.4640291883353377,0.0187912646515963,0.5863641561691995,0.2945243112739994,0.8851069146098838,-1.2739557045309573,0.6265237731960396,0.7411734972825954,1.531004865156916,-2.334703419353721,-0.6217684327535947,0.402470539317496
0.4210777262745461,-0.1698883722583095,-0.4640291883353377,0.0187912646515963,0.5863641561691995,0.2945243112739994,0.8851069146098838,-1.297665295083711,0.6316626088354558,0.7491693721394481,1.5519724650513247,-2.361049539385653,-0.5905231615803537,0.3991053689640723
0.4210777262745461,-0.1698883722583095,-0.4640291883353377,0.0187912646515963,0.5863641561691995,0.2945243112739994,0.8851069146098838,-1.321374885636465,0.6368014444748719,0.7571652469963008,1.5729400649457337,-2.3873956594175847,-0.5592778904071128,0.3957401986106488
0.4210777262745461,-0.1698883722583095,-0.4640291883353377,0.0187912646515963,0.5863641561691995,0.2945243112739994,0.8851069146098838,-1.345084476189219,0.6419402801142879,0.7651611218531535,1.5939076648401422,-2.413741779449517,-0.5280326192338718,0.3923750282572251
0.4210777262745461,-0.1698883722583095,-0.4640291883353377,0.0187912646515963,0.5863641561691995,0.2945243112739994,0.8851069146098838,-1.368794066741973,0.6470791157537041,0.7731569967100063,1.614875264734551,-2.440087899481449,-0.4967873480606307,0.3890098579038015
0.4210777262745461,-0.1698883722583095,-0.4640291883353377,0.0187912646515963,0.5863641561691995,0.2945243112739994,0.8851069146098838,-1.392503657294727,0.6522179513931202,0.781152871566859,1.6358428646289598,-2.4664340195133807,-0.4655420768873896,0.3856446875503779
0.4210777262745461,-0.1698883722583095,-0.4640291883353377,0.0187912646515963,0.5863641561691995,0.2945243112739994,0.8851069146098838,-1.4162132478474807,0.6573567870325364,0.7891487464237118,1.6568104645233686,-2.492780139545313,-0.4342968057141486,0.3822795171969543
0.4210777262745461,-0.1698883722583095,-0.4640291883353377,0.0187912646515963,0.5863641561691995,0.2945243112739994,0.8851069146098838,-1.4399228384002347,0.6624956226719525,0.7971446212805644,1.677778064417777,-2.519126259577245,-0.4030515345409077,0.3789143468435306
0.4210777262745461,-0.1698883722583095,-0.4640291883353377,0.0187912646515963,0.5863641561691995,0.2945243112739994,0.8851069146098838,-1.4636324289529885,0.6676344583113686,0.8051404961374171,1.698745664312186,-2.5454723796091763,-0.3718062633676666,0.375549176490107
0.4210777262745461,-0.1698883722583095,-0.4640291883353377,0.0187912646515963,0.5863641561691995,0.2945243112739994,0.8851069146098838,-1.4873420195057423,0.6727732939507849,0.8131363709942698,1.7197132642065949,-2.5718184996411084,-0.3405609921944256,0.3721840061366833
0.4210777262745461,-0.1698883722583095,-0.4640291883353377,0.0187912646515963,0.5863641561691995,0.2945243112739994,0.8851069146098838,-1.5110516100584963,0.677912129590201,0.8211322458511227,1.7406808641010036,-2.598164619673041,-0.3093157210211845,0.3688188357832598
0.4210777262745461,-0.1698883722583095,-0.4640291883353377,0.0187912646515963,0.5863641561691995,0.2945243112739994,0.8851069146098838,-1.5347612006112503,0.6830509652296171,0.8291281207079753,1.7616484639954124,-2.6245107397049727,-0.2780704498479435,0.3654536654298361
0.4210777262745461,-0.1698883722583095,-0.4640291883353377,0.0187912646515963,0.5863641561691995,0.2945243112739994,0.8851069146098838,-1.5584707911640043,0.6881898008690333,0.8371239955648281,1.782616063889821,-2.6508568597369044,-0.2468251786747025,0.3620884950764125
0.4210777262745461,-0.1698883722583095,-0.4640291883353377,0.0187912646515963,0.5863641561691995,0.2945243112739994,0.8851069146098838,-1.5821803817167583,0.6933286365084493,0.8451198704216807,1.8035836637842293,-2.6772029797688366,-0.2155799075014615,0.3587233247229888
0.4210777262745461,-0.1698883722583095,-0.4640291883353377,0.0187912646515963,0.5863641561691995,0.2945243112739994,0.8851069146098838,-1.605889972269512,0.6984674721478654,0.8531157452785335,1.8245512636786383,-2.7035490998007683,-0.1843346363282204,0.3553581543695652
0.4210777262745461,-0.1698883722583095,-0.4640291883353377,0.0187912646515963,0.5863641561691995,0.2945243112739994,0.8851069146098838,-1.629599562822266,0.7036063077872816,0.8611116201353862,1.845518863573047,-2.7298952198327004,-0.1530893651549794,0.3519929840161416
0.4210777262745461,-0.1698883722583095,-0.4640291883353377,0.0187912646515963,0.5863641561691995,0.2945243112739994,0.8851069146098838,-1.65330915337502,0.7087451434266977,0.8691074949922389,1.866486463467456,-2.7562413398646326,-0.1218440939817383,0.348627813662718
0.4210777262745461,-0.1698883722583095,-0.4640291883353377,0.0187912646515963,0.5863641561691995,0.2945243112739994,0.8851069146098838,-1.677018743927774,0.7138839790661139,0.8771033698490915,1.8874540633618648,-2.7825874598965643,-0.0905988228084974,0.3452626433092944
0.4210777262745461,-0.1698883722583095,-0.4640291883353377,0.0187912646515963,0.5863641561691995,0.2945243112739994,0.8851069146098838,-1.700728334480528,0.71902281470553,0.8850992447059444,1.9084216632562727,-2.8089335799284965,-0.0593535516352564,0.3418974729558707
0.4210777262745461,-0.1698883722583095,-0.4640291883353377,0.0187912646515963,0.5863641561691995,0.2945243112739994,0.8851069146098838,-1.7244379250332815,0.7241616503449462,0.8930951195627971,1.9293892631506824,-2.835279699960428,-0.0281082804620153,0.3385323026024471
0.4210777262745461,-0.1698883722583095,-0.4640291883353377,0.0187912646515963,0.5863641561691995,0.2945243112739994,0.8851069146098838,-1.7243708133738118,0.7250283494901014,0.9076430098599052,1.9415268861348256,-2.825241713179703,-0.0132593464352845,0.3343272777676562
0.4210777262745461,-0.1698883722583095,-0.4640291883353377,0.0187912646515963,0.5863641561691995,0.2945243112739994,0.8851069146098838,-1.7163557637571103,0.7247599028522215,0.9292242020694682,1.9547670578102607,-2.799729695201184,0.0010737865515197,0.3284406264941459
0.4210777262745461,-0.1698883722583095,-0.4640291883353377,0.0187912646515963,0.5863641561691995,0.2945243112739994,0.8851069146098838,-1.7083407141404094,0.7244914562143415,0.9508053942790312,1.9680072294856976,-2.7742176772226648,0.0154069195383241,0.3225539752206357
0.4210777262745461,-0.1698883722583095,-0.4640291883353377,0.0187912646515963,0.5863641561691995,0.2945243112739994,0.8851069146098838,-1.700325664523708,0.7242230095764616,0.972386586488594,1.9812474011611327,-2.7487056592441457,0.0297400525251284,0.3166673239471254
0.4210777262745461,-0.1698883722583095,-0.4640291883353377,0.0187912646515963,0.5863641561691995,0.2945243112739994,0.8851069146098838,-1.6923106149070066,0.7239545629385816,0.993967778698157,1.9944875728365687,-2.723193641265626,0.0440731855119328,0.3107806726736151
0.4210777262745461,-0.1698883722583095,-0.4640291883353377,0.0187912646515963,0.5863641561691995,0.2945243112739994,0.8851069146098838,-1.684295565290305,0.7236861163007017,1.01554897090772,2.0077277445120054,-2.6976816232871066,0.0584063184987371,0.3048940214001048
0.4210777262745461,-0.1698883722583095,-0.4640291883353377,0.0187912646515963,0.5863641561691995,0.2945243112739994,0.8851069146098838,-1.676280515673604,0.7234176696628216,1.037130163117283,2.020967916187441,-2.672169605308587,0.0727394514855414,0.2990073701265945
0.4210777262745461,-0.1698883722583095,-0.4640291883353377,0.0187912646515963,0.5863641561691995,0.2945243112739994,0.8851069146098838,-1.6682654660569027,0.7231492230249419,1.058711355326846,2.034208087862877,-2.646657587330068,0.0870725844723457,0.2931207188530843
0.4210777262745461,-0.1698883722583095,-0.4640291883353377,0.0187912646515963,0.5863641561691995,0.2945243112739994,0.8851069146098838,-1.6602504164402017,0.7228807763870619,1.080292547536409,2.0474482595383137,-2.6211455693515493,0.1014057174591501,0.287234067579574
0.4210777262745461,-0.1698883722583095,-0.4640291883353377,0.0187912646515963,0.5863641561691995,0.2945243112739994,0.8851069146098838,-1.6522353668235,0.722612329749182,1.1018737397459717,2.060688431213749,-2.5956335513730298,0.1157388504459544,0.2813474163060637
0.4210777262745461,-0.1698883722583095,-0.4640291883353377,0.0187912646515963,0.5863641561691995,0.2945243112739994,0.8851069146098838,-1.644220317206799,0.7223438831113019,1.1234549319555345,2.073928602889185,-2.57012153339451,0.1300719834327588,0.2754607650325534
0.4210777262745461,-0.1698883722583095,-0.4640291883353377,0.0187912646515963,0.5863641561691995,0.2945243112739994,0.8851069146098838,-1.6362052675900975,0.7220754364734219,1.1450361241650977,2.087168774564621,-2.5446095154159907,0.1444051164195631,0.2695741137590431
0.4210777262745461,-0.1698883722583095,-0.4640291883353377,0.0187912646515963,0.5863641561691995,0.2945243112739994,0.8851069146098838,-1.6281902179733962,0.721806989835542,1.1666173163746605,2.1004089462400573,-2.519097497437472,0.1587382494063674,0.2636874624855329
0.4210777262745461,-0.1698883722583095,-0.4640291883353377,0.0187912646515963,0.5863641561691995,0.2945243112739994,0.8851069146098838,-1.620175168356695,0.721538543197662,1.1881985085842233,2.113649117915493,-2.4935854794589525,0.1730713823931718,0.2578008112120226
0.4210777262745461,-0.1698883722583095,-0.4640291883353377,0.0187912646515963,0.5863641561691995,0.2945243112739994,0.8851069146098838,-1.6121601187399937,0.7212700965597821,1.2097797007937865,2.1268892895909293,-2.468073461480433,0.1874045153799761,0.2519141599385124
0.4210777262745461,-0.1698883722583095,-0.4640291883353377,0.0187912646515963,0.5863641561691995,0.2945243112739994,0.8851069146098838,-1.6041450691232924,0.7210016499219022,1.231360893003349,2.140129461266365,-2.442561443501914,0.2017376483667804,0.2460275086650021
0.4210777262745461,-0.1698883722583095,-0.4640291883353377,0.0187912646515963,0.5863641561691995,0.2945243112739994,0.8851069146098838,-1.596130019506591,0.7207332032840221,1.2529420852129118,2.1533696329418013,-2.4170494255233943,0.2160707813535848,0.2401408573914918
0.4210777262745461,-0.1698883722583095,-0.4640291883353377,0.0187912646515963,0.5863641561691995,0.2945243112739994,0.8851069146098838,-1.58811496988989,0.7204647566461423,1.274523277422475,2.166609804617237,-2.391537407544876,0.2304039143403891,0.2342542061179815
0.4210777262745461,-0.1698883722583095,-0.4640291883353377,0.0187912646515963,0.5863641561691995,0.2945243112739994,0.8851069146098838,-1.5800999202731885,0.7201963100082623,1.2961044696320378,2.1798499762926733,-2.366025389566356,0.2447370473271934,0.2283675548444712
0.4210777262745461,-0.1698883722583095,-0.4640291883353377,0.0187912646515963,0.5863641561691995,0.2945243112739994,0.8851069146098838,-1.5720848706564874,0.7199278633703824,1.3176856618416006,2.193090147968109,-2.340513371587837,0.2590701803139978,0.222480903570961
0.4210777262745461,-0.1698883722583095,-0.4640291883353377,0.0187912646515963,0.5863641561691995,0.2945243112739994,0.8851069146098838,-1.564069821039786,0.7196594167325024,1.3392668540511636,2.2063303196435453,-2.315001353609317,0.2734033133008021,0.2165942522974507
0.4210777262745461,-0.1698883722583095,-0.4640291883353377,0.0187912646515963,0.5863641561691995,0.2945243112739994,0.8851069146098838,-1.5560547714230846,0.7193909700946225,1.3608480462607266,2.219570491318981,-2.2894893356307984,0.2877364462876065,0.2107076010239404
0.4210777262745461,-0.1698883722583095,-0.4640291883353377,0.0187912646515963,0.5863641561691995,0.2945243112739994,0.8851069146098838,-1.5480397218063835,0.7191225234567425,1.3824292384702894,2.232810662994417,-2.26397731765228,0.3020695792744107,0.2048209497504302
0.4210777262745461,-0.1698883722583095,-0.4640291883353377,0.0187912646515963,0.5863641561691995,0.2945243112739994,0.8851069146098838,-1.5400246721896822,0.7188540768188626,1.4040104306798522,2.246050834669853,-2.23846529967376,0.3164027122612151,0.1989342984769199
0.4210777262745461,-0.1698883722583095,-0.4640291883353377,0.0187912646515963,0.5863641561691995,0.2945243112739994,0.8851069146098838,-1.532009622572981,0.7185856301809826,1.4255916228894154,2.259291006345289,-2.21295328169524,0.3307358452480194,0.1930476472034096
0.4210777262745461,-0.1698883722583095,-0.4640291883353377,0.0187912646515963,0.5863641561691995,0.2945243112739994,0.8851069146098838,-1.5239945729562796,0.7183171835431027,1.4471728150989782,2.272531178020725,-2.187441263716721,0.3450689782348238,0.1871609959298993
0.4210777262745461,-0.1698883722583095,-0.4640291883353377,0.0187912646515963,0.5863641561691995,0.2945243112739994,0.8851069146098838,-1.5159795233395783,0.7180487369052228,1.4687540073085412,2.2857713496961614,-2.161929245738202,0.3594021112216281,0.181274344656389
0.4210777262745461,-0.1698883722583095,-0.4640291883353377,0.0187912646515963,0.5863641561691995,0.2945243112739994,0.8851069146098838,-1.5079644737228772,0.7177802902673428,1.490335199518104,2.299011521371597,-2.136417227759683,0.3737352442084324,0.1753876933828788
0.4210777262745461,-0.1698883722583095,-0.4640291883353377,0.0187912646515963,0.5863641561691995,0.2945243112739994,0.8851069146098838,-1.4999494241061757,0.7175118436294629,1.511916391727667,2.312251693047033,-2.110905209781164,0.3880683771952368,0.1695010421093685
0.4210777262745461,-0.1698883722583095,-0.4640291883353377,0.0187912646515963,0.5863641561691995,0.2945243112739994,0.8851069146098838,-1.4919343744894746,0.7172433969915829,1.5334975839372298,2.325491864722469,-2.085393191802644,0.4024015101820412,0.1636143908358582
0.4210777262745461,-0.1698883722583095,-0.4640291883353377,0.0187912646515963,0.5863641561691995,0.2945243112739994,0.8851069146098838,-1.4839193248727731,0.716974950353703,1.555078776146793,2.338732036397905,-2.0598811738241247,0.4167346431688455,0.1577277395623479
0.4210777262745461,-0.1698883722583095,-0.4640291883353377,0.0187912646515963,0.5863641561691995,0.2945243112739994,0.8851069146098838,-1.475904275256072,0.7167065037158229,1.5766599683563558,2.3519722080733407,-2.034369155845605,0.4310677761556498,0.1518410882888376
0.4210777262745461,-0.1698883722583095,-0.4640291883353377,0.0187912646515963,0.5863641561691995,0.2945243112739994,0.8851069146098838,-1.4678892256393707,0.7164380570779431,1.5982411605659188,2.365212379748777,-2.008857137867086,0.4454009091424541,0.1459544370153274
0.4210777262745461,-0.1698883722583095,-0.4640291883353377,0.0187912646515963,0.5863641561691995,0.2945243112739994,0.8851069146098838,-1.4598741760226692,0.7161696104400631,1.6198223527754816,2.3784525514242127,-1.983345119888567,0.4597340421292584,0.1400677857418171
0.4210777262745461,-0.1698883722583095,-0.4640291883353377,0.0187912646515963,0.5863641561691995,0.2945243112739994,0.8851069146098838,-1.451859126405968,0.7159011638021832,1.6414035449850444,2.391692723099649,-1.957833101910048,0.4740671751160628,0.1341811344683068
0.4210777262745461,-0.1698883722583095,-0.4640291883353377,0.0187912646515963,0.5863641561691995,0.2945243112739994,0.8851069146098838,-1.4438440767892669,0.7156327171643033,1.6629847371946074,2.4049328947750848,-1.9323210839315283,0.4884003081028671,0.1282944831947965
0.4210777262745461,-0.1698883722583095,-0.4640291883353377,0.0187912646515963,0.5863641561691995,0.2945243112739994,0.8851069146098838,-1.435829027172565,0.7153642705264233,1.6845659294041704,2.418173066450521,-1.9068090659530088,0.5027334410896716,0.1224078319212862
0.4210777262745461,-0.1698883722583095,-0.4640291883353377,0.0187912646515963,0.5863641561691995,0.2945243112739994,0.8851069146098838,-1.4278139775558645,0.7150958238885433,1.7061471216137332,2.431413238125957,-1.8812970479744893,0.5170665740764758,0.116521180647776
0.4210777262745461,-0.1698883722583095,-0.4640291883353377,0.0187912646515963,0.5863641561691995,0.2945243112739994,0.8851069146098838,-1.419798927939163,0.7148273772506633,1.7277283138232962,2.444653409801393,-1.8557850299959704,0.5313997070632802,0.1106345293742657
0.4210777262745461,-0.1698883722583095,-0.4640291883353377,0.0187912646515963,0.5863641561691995,0.2945243112739994,0.8851069146098838,-1.4117838783224614,0.7145589306127834,1.7493095060328592,2.457893581476829,-1.830273012017451,0.5457328400500845,0.1047478781007554
0.4210777262745461,-0.1698883722583095,-0.4640291883353377,0.0187912646515963,0.5863641561691995,0.2945243112739994,0.8851069146098838,-1.4010153331915058,0.7137996101227801,1.7605267405442713,2.4566088725669744,-1.822054709946355,0.5505073552523779,0.1020442369621074
0.4210777262745461,-0.1698883722583095,-0.4640291883353377,0.0187912646515963,0.5863641561691995,0.2945243112739994,0.8851069146098838,-1.3821090199808184,0.7121697555356518,1.7669886346132384,2.440156928616904,-1.827020972747134,0.5481105102713069,0.1011717853889976
0.4210777262745461,-0.1698883722583095,-0.4640291883353377,0.0187912646515963,0.5863641561691995,0.2945243112739994,0.8851069146098838,-1.3632027067701304,0.7105399009485236,1.7734505286822058,2.423704984666833,-1.831987235547913,0.5457136652902359,0.1002993338158877
0.4210777262745461,-0.1698883722583095,-0.4640291883353377,0.0187912646515963,0.5863641561691995,0.2945243112739994,0.8851069146098838,-1.3442963935594427,0.7089100463613954,1.7799124227511731,2.407253040716762,-1.836953498348692,0.543316820309165,0.0994268822427779
0.4210777262745461,-0.1698883722583095,-0.4640291883353377,0.0187912646515963,0.5863641561691995,0.2945243112739994,0.8851069146098838,-1.3253900803487553,0.7072801917742672,1.7863743168201405,2.3908010967666904,-1.8419197611494715,0.540919975328094,0.0985544306696681
0.4210777262745461,-0.1698883722583095,-0.4640291883353377,0.0187912646515963,0.5863641561691995,0.2945243112739994,0.8851069146098838,-1.3064837671380674,0.7056503371871389,1.7928362108891076,2.3743491528166194,-1.8468860239502505,0.538523130347023,0.0976819790965582
0.4210777262745461,-0.1698883722583095,-0.4640291883353377,0.0187912646515963,0.5863641561691995,0.2945243112739994,0.8851069146098838,-1.2875774539273794,0.7040204826000106,1.799298104958075,2.3578972088665484,-1.8518522867510288,0.5361262853659521,0.0968095275234484
0.4210777262745461,-0.1698883722583095,-0.4640291883353377,0.0187912646515963,0.5863641561691995,0.2945243112739994,0.8851069146098838,-1.268671140716692,0.7023906280128823,1.8057599990270423,2.3414452649164774,-1.856818549551808,0.5337294403848811,0.0959370759503386
0.4210777262745461,-0.1698883722583095,-0.4640291883353377,0.0187912646515963,0.5863641561691995,0.2945243112739994,0.8851069146098838,-1.2497648275060045,0.7007607734257542,1.8122218930960097,2.3249933209664064,-1.8617848123525875,0.5313325954038102,0.0950646243772287
0.4210777262745461,-0.1698883722583095,-0.4640291883353377,0.0187912646515963,0.5863641561691995,0.2945243112739994,0.8851069146098838,-1.2308585142953166,0.6991309188386259,1.818683787164977,2.308541377016335,-1.8667510751533665,0.5289357504227392,0.0941921728041189
0.4210777262745461,-0.1698883722583095,-0.4640291883353377,0.0187912646515963,0.5863641561691995,0.2945243112739994,0.8851069146098838,-1.2119522010846289,0.6975010642514976,1.825145681233944,2.292089433066264,-1.8717173379541447,0.5265389054416683,0.0933197212310091
0.4210777262745461,-0.1698883722583095,-0.4640291883353377,0.0187912646515963,0.5863641561691995,0.2945243112739994,0.8851069146098838,-1.1930458878739412,0.6958712096643693,1.8316075753029115,2.275637489116193,-1.8766836007549244,0.5241420604605973,0.0924472696578993
0.4210777262745461,-0.1698883722583095,-0.4640291883353377,0.0187912646515963,0.5863641561691995,0.2945243112739994,0.8851069146098838,-1.1741395746632532,0.694241355077241,1.8380694693718789,2.259185545166122,-1.8816498635557035,0.5217452154795263,0.0915748180847894
0.4210777262745461,-0.1698883722583095,-0.4640291883353377,0.0187912646515963,0.5863641561691995,0.2945243112739994,0.8851069146098838,-1.1552332614525658,0.6926115004901129,1.8445313634408464,2.242733601216051,-1.8866161263564825,0.5193483704984554,0.0907023665116796
0.4210777262745461,-0.1698883722583095,-0.4640291883353377,0.0187912646515963,0.5863641561691995,0.2945243112739994,0.8851069146098838,-1.136326948241878,0.6909816459029846,1.8509932575098127,2.22628165726598,-1.8915823891572616,0.5169515255173844,0.0898299149385698
0.4210777262745461,-0.1698883722583095,-0.4640291883353377,0.0187912646515963,0.5863641561691995,0.2945243112739994,0.8851069146098838,-1.1174206350311902,0.6893517913158563,1.8574551515787807,2.2098297133159086,-1.8965486519580408,0.5145546805363135,0.08895746336546
0.4210777262745461,-0.1698883722583095,-0.4640291883353377,0.0187912646515963,0.5863641561691995,0.2945243112739994,0.8851069146098838,-1.0985143218205025,0.6877219367287282,1.863917045647748,2.1933777693658376,-1.9015149147588195,0.5121578355552425,0.0880850117923501
0.4210777262745461,-0.1698883722583095,-0.4640291883353377,0.0187912646515963,0.5863641561691995,0.2945243112739994,0.8851069146098838,-1.0796080086098143,0.6860920821415998,1.8703789397167152,2.176925825415766,-1.9064811775595984,0.5097609905741715,0.0872125602192403
0.4210777262745461,-0.1698883722583095,-0.4640291883353377,0.0187912646515963,0.5863641561691995,0.2945243112739994,0.8851069146098838,-1.060701695399127,0.6844622275544716,1.8768408337856828,2.160473881465696,-1.9114474403603776,0.5073641455931006,0.0863401086461305
0.4210777262745461,-0.1698883722583095,-0.4640291883353377,0.0187912646515963,0.5863641561691995,0.2945243112739994,0.8851069146098838,-1.0417953821884394,0.6828323729673433,1.88330272785465,2.1440219375156246,-1.9164137031611568,0.5049673006120297,0.0854676570730206
0.4210777262745461,-0.1698883722583095,-0.4640291883353377,0.0187912646515963,0.5863641561691995,0.2945243112739994,0.8851069146098838,-1.0228890689777517,0.6812025183802151,1.889764621923617,2.1275699935655537,-1.921379965961936,0.5025704556309587,0.0845952054999108
0.4210777262745461,-0.1698883722583095,-0.4640291883353377,0.0187912646515963,0.5863641561691995,0.2945243112739994,0.8851069146098838,-1.0039827557670638,0.6795726637930868,1.8962265159925844,2.1111180496154827,-1.9263462287627149,0.5001736106498877,0.083722753926801
0.4210777262745461,-0.1698883722583095,-0.4640291883353377,0.0187912646515963,0.5863641561691995,0.2945243112739994,0.8851069146098838,-0.985076442556376,0.6779428092059586,1.902688410061552,2.094666105665412,-1.9313124915634936,0.4977767656688167,0.0828503023536911
0.4210777262745461,-0.1698883722583095,-0.4640291883353377,0.0187912646515963,0.5863641561691995,0.2945243112739994,0.8851069146098838,-0.9661701293456884,0.6763129546188305,1.909150304130519,2.07821416171534,-1.9362787543642728,0.4953799206877458,0.0819778507805813
0.4210777262745461,-0.1698883722583095,-0.4640291883353377,0.0187912646515963,0.5863641561691995,0.2945243112739994,0.8851069146098838,-0.9472638161350008,0.6746831000317021,1.9156121981994865,2.061762217765269,-1.941245017165052,0.4929830757066748,0.0811053992074715
0.4210777262745461,-0.1698883722583095,-0.4640291883353377,0.0187912646515963,0.5863641561691995,0.2945243112739994,0.8851069146098838,-0.928357502924313,0.6730532454445739,1.9220740922684536,2.0453102738151983,-1.9462112799658309,0.4905862307256038,0.0802329476343617
0.4210777262745461,-0.1698883722583095,-0.4640291883353377,0.0187912646515963,0.5863641561691995,0.2945243112739994,0.8851069146098838,-0.9094511897136252,0.6714233908574456,1.928535986337421,2.028858329865128,-1.9511775427666096,0.4881893857445329,0.0793604960612518
0.4210777262745461,-0.1698883722583095,-0.4640291883353377,0.0187912646515963,0.5863641561691995,0.2945243112739994,0.8851069146098838,-0.8905448765029375,0.6697935362703173,1.9349978804063883,2.012406385915056,-1.9561438055673888,0.4857925407634619,0.078488044488142
0.4210777262745461,-0.1698883722583095,-0.4640291883353377,0.0187912646515963,0.5863641561691995,0.2945243112739994,0.8851069146098838,-0.8716385632922499,0.6681636816831891,1.941459774475356,1.995954441964985,-1.961110068368168,0.483395695782391,0.0776155929150322
0.4210777262745461,-0.1698883722583095,-0.4640291883353377,0.0187912646515963,0.5863641561691995,0.2945243112739994,0.8851069146098838,-0.8527322500815621,0.6665338270960608,1.947921668544323,1.9795024980149136,-1.9660763311689469,0.48099885080132,0.0767431413419223
0.4210777262745461,-0.1698883722583095,-0.4640291883353377,0.0187912646515963,0.5863641561691995,0.2945243112739994,0.8851069146098838,-0.8338259368708743,0.6649039725089325,1.9543835626132904,1.9630505540648429,-1.971042593969726,0.478602005820249,0.0758706897688125
0.4210777262745461,-0.1698883722583095,-0.4640291883353377,0.0187912646515963,0.5863641561691995,0.2945243112739994,0.8851069146098838,-0.8149196236601866,0.6632741179218044,1.9608454566822573,1.946598610114772,-1.976008856770505,0.4762051608391781,0.0749982381957027
0.4210777262745461,-0.1698883722583095,-0.4640291883353377,0.0187912646515963,0.5863641561691995,0.2945243112739994,0.8851069146098838,-0.7960133104494989,0.6616442633346761,1.9673073507512249,1.9301466661647009,-1.980975119571284,0.4738083158581071,0.0741257866225928
0.4210777262745461,-0.1698883722583095,-0.4640291883353377,0.0187912646515963,0.5863641561691995,0.2945243112739994,0.8851069146098838,-0.7771069972388112,0.6600144087475479,1.973769244820192,1.9136947222146297,-1.985941382372063,0.4714114708770362,0.073253335049483
0.4210777262745461,-0.1698883722583095,-0.4640291883353377,0.0187912646515963,0.5863641561691995,0.2945243112739994,0.8851069146098838,-0.7582006840281235,0.6583845541604195,1.98023113888916,1.897242778264559,-1.990907645172842,0.4690146258959652,0.0723808834763732
0.4210777262745461,-0.1698883722583095,-0.4640291883353377,0.0187912646515963,0.5863641561691995,0.2945243112739994,0.8851069146098838,-0.7392943708174358,0.6567546995732914,1.9866930329581267,1.880790834314488,-1.9958739079736207,0.4666177809148942,0.0715084319032634
0.4210777262745461,-0.1698883722583095,-0.4640291883353377,0.0187912646515963,0.5863641561691995,0.2945243112739994,0.8851069146098838,-0.720388057606748,0.6551248449861631,1.9931549270270936,1.8643388903644165,-2.0008401707744,0.4642209359338233,0.0706359803301535
0.4210777262745461,-0.1698883722583095,-0.4640291883353377,0.0187912646515963,0.5863641561691995,0.2945243112739994,0.8851069146098838,-0.7014817443960603,0.6534949903990349,1.9996168210960608,1.8478869464143453,-2.005806433575179,0.4618240909527523,0.0697635287570437
0.4210777262745461,-0.1698883722583095,-0.4640291883353377,0.0187912646515963,0.5863641561691995,0.2945243112739994,0.8851069146098838,-0.6825754311853726,0.6518651358119065,2.006078715165029,1.8314350024642745,-2.010772696375958,0.4594272459716814,0.0688910771839339
0.4210777262745461,-0.1698883722583095,-0.4640291883353377,0.0187912646515963,0.5863641561691995,0.2945243112739994,0.8851069146098838,-0.6636691179746849,0.6502352812247784,2.012540609233996,1.8149830585142035,-2.015738959176737,0.4570304009906104,0.068018625610824
0.4210777262745461,-0.1698883722583095,-0.4640291883353377,0.0187912646515963,0.5863641561691995,0.2945243112739994,0.8851069146098838,-0.6565303548830631,0.6494721257828053,2.0143276968518826,1.8074933973173528,-2.017875027423868,0.4558684105437872,0.066841295356122
0.4210777262745461,-0.1698883722583095,-0.4640291883353377,0.0187912646515963,0.5863641561691995,0.2945243112739994,0.8851069146098838,-0.6775554790570175,0.650545912334325,2.0038774527344128,1.8194009231833133,-2.0136565802571824,0.4572489932528841,0.0635719988019412
0.4210777262745461,-0.1698883722583095,-0.4640291883353377,0.0187912646515963,0.5863641561691995,0.2945243112739994,0.8851069146098838,-0.6985806032309719,0.6516196988858449,1.993427208616944,1.8313084490492737,-2.0094381330904976,0.458629575961981,0.0603027022477604
0.4210777262745461,-0.1698883722583095,-0.4640291883353377,0.0187912646515963,0.5863641561691995,0.2945243112739994,0.8851069146098838,-0.7196057274049266,0.6526934854373647,1.9829769644994744,1.8432159749152344,-2.0052196859238127,0.4600101586710778,0.0570334056935796
0.4210777262745461,-0.1698883722583095,-0.4640291883353377,0.0187912646515963,0.5863641561691995,0.2945243112739994,0.8851069146098838,-0.7406308515788809,0.6537672719888845,1.972526720382005,1.8551235007811948,-2.001001238757128,0.4613907413801748,0.0537641091393988
0.4210777262745461,-0.1698883722583095,-0.4640291883353377,0.0187912646515963,0.5863641561691995,0.2945243112739994,0.8851069146098838,-0.7616559757528354,0.6548410585404042,1.9620764762645355,1.867031026647156,-1.996782791590443,0.4627713240892716,0.0504948125852181
0.4210777262745461,-0.1698883722583095,-0.4640291883353377,0.0187912646515963,0.5863641561691995,0.2945243112739994,0.8851069146098838,-0.7826810999267898,0.6559148450919241,1.9516262321470657,1.878938552513116,-1.9925643444237584,0.4641519067983685,0.0472255160310373
0.4210777262745461,-0.1698883722583095,-0.4640291883353377,0.0187912646515963,0.5863641561691995,0.2945243112739994,0.8851069146098838,-0.8037062241007443,0.6569886316434439,1.941175988029597,1.8908460783790768,-1.988345897257073,0.4655324895074653,0.0439562194768565
0.4210777262745461,-0.1698883722583095,-0.4640291883353377,0.0187912646515963,0.5863641561691995,0.2945243112739994,0.8851069146098838,-0.8247313482746987,0.6580624181949637,1.930725743912128,1.902753604245037,-1.9841274500903885,0.4669130722165622,0.0406869229226757
0.4210777262745461,-0.1698883722583095,-0.4640291883353377,0.0187912646515963,0.5863641561691995,0.2945243112739994,0.8851069146098838,-0.8457564724486533,0.6591362047464835,1.920275499794658,1.9146611301109977,-1.979909002923704,0.4682936549256591,0.0374176263684949
0.4210777262745461,-0.1698883722583095,-0.4640291883353377,0.0187912646515963,0.5863641561691995,0.2945243112739994,0.8851069146098838,-0.8667815966226077,0.6602099912980033,1.9098252556771889,1.926568655976958,-1.9756905557570184,0.4696742376347559,0.0341483298143141
0.4210777262745461,-0.1698883722583095,-0.4640291883353377,0.0187912646515963,0.5863641561691995,0.2945243112739994,0.8851069146098838,-0.8878067207965621,0.6612837778495231,1.8993750115597192,1.9384761818429184,-1.9714721085903333,0.4710548203438528,0.0308790332601333
0.4210777262745461,-0.1698883722583095,-0.4640291883353377,0.0187912646515963,0.5863641561691995,0.2945243112739994,0.8851069146098838,-0.9088318449705166,0.6623575644010429,1.88892476744225,1.950383707708879,-1.967253661423649,0.4724354030529497,0.0276097367059525
0.4210777262745461,-0.1698883722583095,-0.4640291883353377,0.0187912646515963,0.5863641561691995,0.2945243112739994,0.8851069146098838,-0.9298569691444708,0.6634313509525626,1.8784745233247804,1.96229123357484,-1.963035214256964,0.4738159857620465,0.0243404401517717
0.4210777262745461,-0.1698883722583095,-0.4640291883353377,0.0187912646515963,0.5863641561691995,0.2945243112739994,0.8851069146098838,-0.9508820933184254,0.6645051375040825,1.8680242792073112,1.9741987594408,-1.958816767090279,0.4751965684711434,0.021071143597591
0.4210777262745461,-0.1698883722583095,-0.4640291883353377,0.0187912646515963,0.5863641561691995,0.2945243112739994,0.8851069146098838,-0.97190721749238,0.6655789240556023,1.857574035089841,1.9861062853067608,-1.954598319923594,0.4765771511802403,0.0178018470434102
0.4210777262745461,-0.1698883722583095,-0.4640291883353377,0.0187912646515963,0.5863641561691995,0.2945243112739994,0.8851069146098838,-0.9929323416663344,0.666652710607122,1.8471237909723723,1.9980138111727213,-1.9503798727569093,0.4779577338893372,0.0145325504892294
0.4210777262745461,-0.1698883722583095,-0.4640291883353377,0.0187912646515963,0.5863641561691995,0.2945243112739994,0.8851069146098838,-1.0139574658402888,0.6677264971586419,1.836673546854903,2.0099213370386817,-1.9461614255902244,0.479338316598434,0.0112632539350486
0.4210777262745461,-0.1698883722583095,-0.4640291883353377,0.0187912646515963,0.5863641561691995,0.2945243112739994,0.8851069146098838,-1.034982590014243,0.6688002837101614,1.8262233027374333,2.021828862904642,-1.94194297842354,0.4807188993075309,0.0079939573808678
0.4210777262745461,-0.1698883722583095,-0.4640291883353377,0.0187912646515963,0.5863641561691995,0.2945243112739994,0.8851069146098838,-1.0560077141881976,0.6698740702616813,1.8157730586199643,2.0337363887706026,-1.9377245312568547,0.4820994820166278,0.004724660826687
0.4210777262745461,-0.1698883722583095,-0.4640291883353377,0.0187912646515963,0.5863641561691995,0.2945243112739994,0.8851069146098838,-1.077032838362152,0.6709478568132011,1.8053228145024949,2.045643914636563,-1.9335060840901697,0.4834800647257247,0.0014553642725062
0.4210777262745461,-0.1698883722583095,-0.4640291883353377,0.0187912646515963,0.5863641561691995,0.2945243112739994,0.8851069146098838,-1.0980579625361069,0.6720216433647209,1.7948725703850257,2.057551440502524,-1.929287636923485,0.4848606474348216,-0.0018139322816745
0.4210777262745461,-0.1698883722583095,-0.4640291883353377,0.0187912646515963,0.5863641561691995,0.2945243112739994,0.8851069146098838,-1.1190830867100612,0.6730954299162407,1.784422326267556,2.0694589663684844,-1.9250691897568,0.4862412301439184,-0.0050832288358552
0.4210777262745461,-0.1698883722583095,-0.4640291883353377,0.0187912646515963,0.5863641561691995,0.2945243112739994,0.8851069146098838,-1.1401082108840157,0.6741692164677605,1.7739720821500868,2.081366492234445,-1.9208507425901151,0.4876218128530153,-0.008352525390036
0.4210777262745461,-0.1698883722583095,-0.4640291883353377,0.0187912646515963,0.5863641561691995,0.2945243112739994,0.8851069146098838,-1.16113333505797,0.6752430030192803,1.7635218380326174,2.0932740181004057,-1.9166322954234305,0.4890023955621122,-0.0116218219442168
0.4210777262745461,-0.1698883722583095,-0.4640291883353377,0.0187912646515963,0.5863641561691995,0.2945243112739994,0.8851069146098838,-1.1821584592319243,0.6763167895708001,1.753071593915148,2.105181543966366,-1.9124138482567448,0.490382978271209,-0.0148911184983976
0.4210777262745461,-0.1698883722583095,-0.4640291883353377,0.0187912646515963,0.5863641561691995,0.2945243112739994,0.8851069146098838,-1.2031835834058788,0.6773905761223198,1.7426213497976786,2.1170890698323266,-1.9081954010900604,0.4917635609803059,-0.0181604150525784
0.4210777262745461,-0.1698883722583095,-0.4640291883353377,0.0187912646515963,0.5863641561691995,0.2945243112739994,0.8851069146098838,-1.2242087075798334,0.6784643626738396,1.7321711056802092,2.128996595698287,-1.9039769539233755,0.4931441436894028,-0.0214297116067592
0.4210777262745461,-0.1698883722583095,-0.4640291883353377,0.0187912646515963,0.5863641561691995,0.2945243112739994,0.8851069146098838,-1.245233831753788,0.6795381492253595,1.72172086156274,2.1409041215642475,-1.899758506756691,0.4945247263984997,-0.02469900816094
0.4210777262745461,-0.1698883722583095,-0.4640291883353377,0.0187912646515963,0.5863641561691995,0.2945243112739994,0.8851069146098838,-1.2662589559277422,0.6806119357768792,1.7112706174452703,2.152811647430208,-1.8955400595900056,0.4959053091075965,-0.0279683047151208
0.4210777262745461,-0.1698883722583095,-0.4640291883353377,0.0187912646515963,0.5863641561691995,0.2945243112739994,0.8851069146098838,-1.2872840801016967,0.6816857223283991,1.700820373327801,2.1647191732961684,-1.891321612423321,0.4972858918166934,-0.0312376012693015
0.4210777262745461,-0.1698883722583095,-0.4640291883353377,0.0187912646515963,0.5863641561691995,0.2945243112739994,0.8851069146098838,-1.308309204275651,0.6827595088799188,1.6903701292103317,2.1766266991621293,-1.887103165256636,0.4986664745257903,-0.0345068978234823
0.4210777262745461,-0.1698883722583095,-0.4640291883353377,0.0187912646515963,0.5863641561691995,0.2945243112739994,0.8851069146098838,-1.3293343284496058,0.6838332954314386,1.6799198850928625,2.1885342250280897,-1.882884718089951,0.5000470572348872,-0.0377761943776631
0.4210777262745461,-0.1698883722583095,-0.4640291883353377,0.0187912646515963,0.5863641561691995,0.2945243112739994,0.8851069146098838,-1.35035945262356,0.6849070819829584,1.669469640975393,2.20044175089405,-1.8786662709232664,0.5014276399439841,-0.0410454909318439
0.4210777262745461,-0.1698883722583095,-0.4640291883353377,0.0187912646515963,0.5863641561691995,0.2945243112739994,0.8851069146098838,-1.3713845767975146,0.6859808685344781,1.6590193968579237,2.2123492767600106,-1.8744478237565807,0.5028082226530809,-0.0443147874860247
0.4210777262745461,-0.1698883722583095,-0.4640291883353377,0.0187912646515963,0.5863641561691995,0.2945243112739994,0.8851069146098838,-1.3924097009714689,0.687054655085998,1.6485691527404542,2.2242568026259715,-1.8702293765898963,0.5041888053621778,-0.0475840840402055
0.4210777262745461,-0.1698883722583095,-0.4640291883353377,0.0187912646515963,0.5863641561691995,0.2945243112739994,0.8851069146098838,-1.4134348251454236,0.6881284416375177,1.6381189086229848,2.2361643284919315,-1.866010929423212,0.5055693880712746,-0.0508533805943863
0.4210777262745461,-0.1698883722583095,-0.4640291883353377,0.0187912646515963,0.5863641561691995,0.2945243112739994,0.8851069146098838,-1.434459949319378,0.6892022281890376,1.6276686645055154,2.2480718543578924,-1.8617924822565264,0.5069499707803715,-0.0541226771485671
0.4210777262745461,-0.1698883722583095,-0.4640291883353377,0.0187912646515963,0.5863641561691995,0.2945243112739994,0.8851069146098838,-1.4554850734933322,0.6902760147405573,1.6172184203880462,2.259979380223853,-1.857574035089841,0.5083305534894684,-0.0573919737027478
0.4210777262745461,-0.1698883722583095,-0.4640291883353377,0.0187912646515963,0.5863641561691995,0.2945243112739994,0.8851069146098838,-1.4765101976672868,0.6913498012920771,1.6067681762705768,2.2718869060898133,-1.853355587923157,0.5097111361985652,-0.0606612702569286
0.4210777262745461,-0.1698883722583095,-0.4640291883353377,0.0187912646515963,0.5863641561691995,0.2945243112739994,0.8851069146098838,-1.4933302970064504,0.692208830533293,1.5984079809766012,2.281412926782582,-1.849980830189809,0.5108156023658428,-0.0632767075002733
0.4210777262745461,-0.1698883722583095,-0.4640291883353377,0.0187912646515963,0.5863641561691995,0.2945243112739994,0.8851069146098838,-1.4853631842893704,0.6924485150314,1.5825696293416844,2.251855034476015,-1.8632497640050176,0.4980260375468481,-0.0696906646696191
0.4210777262745461,-0.1698883722583095,-0.4640291883353377,0.0187912646515963,0.5863641561691995,0.2945243112739994,0.8851069146098838,-1.4773960715722907,0.6926881995295071,1.5667312777067672,2.2222971421694475,-1.8765186978202264,0.4852364727278535,-0.076104621838965
0.4210777262745461,-0.1698883722583095,-0.4640291883353377,0.0187912646515963,0.5863641561691995,0.2945243112739994,0.8851069146098838,-1.4694289588552107,0.6929278840276143,1.5508929260718507,2.1927392498628806,-1.889787631635436,0.4724469079088589,-0.0825185790083109
0.4210777262745461,-0.1698883722583095,-0.4640291883353377,0.0187912646515963,0.5863641561691995,0.2945243112739994,0.8851069146098838,-1.461461846138131,0.6931675685257214,1.5350545744369335,2.1631813575563137,-1.9030565654506444,0.4596573430898642,-0.0889325361776568
0.4210777262745461,-0.1698883722583095,-0.4640291883353377,0.0187912646515963,0.5863641561691995,0.2945243112739994,0.8851069146098838,-1.453494733421051,0.6934072530238284,1.5192162228020167,2.1336234652497463,-1.9163254992658527,0.4468677782708696,-0.0953464933470027
0.4210777262745461,-0.1698883722583095,-0.4640291883353377,0.0187912646515963,0.5863641561691995,0.2945243112739994,0.8851069146098838,-1.4455276207039711,0.6936469375219355,1.5033778711670998,2.1040655729431794,-1.929594433081062,0.434078213451875,-0.1017604505163486
0.4210777262745461,-0.1698883722583095,-0.4640291883353377,0.0187912646515963,0.5863641561691995,0.2945243112739994,0.8851069146098838,-1.4375605079868912,0.6938866220200426,1.4875395195321828,2.0745076806366125,-1.9428633668962707,0.4212886486328803,-0.1081744076856945
0.4210777262745461,-0.1698883722583095,-0.4640291883353377,0.0187912646515963,0.5863641561691995,0.2945243112739994,0.8851069146098838,-1.4295933952698114,0.6941263065181498,1.4717011678972662,2.0449497883300456,-1.95613230071148,0.4084990838138856,-0.1145883648550404
0.4210777262745461,-0.1698883722583095,-0.4640291883353377,0.0187912646515963,0.5863641561691995,0.2945243112739994,0.8851069146098838,-1.4216262825527315,0.6943659910162568,1.455862816262349,2.0153918960234782,-1.9694012345266887,0.3957095189948911,-0.1210023220243863
0.4210777262745461,-0.1698883722583095,-0.4640291883353377,0.0187912646515963,0.5863641561691995,0.2945243112739994,0.8851069146098838,-1.4136591698356518,0.6946056755143639,1.4400244646274325,1.985834003716911,-1.9826701683418968,0.3829199541758964,-0.1274162791937321
0.4210777262745461,-0.1698883722583095,-0.4640291883353377,0.0187912646515963,0.5863641561691995,0.2945243112739994,0.8851069146098838,-1.4056920571185718,0.694845360012471,1.4241861129925155,1.956276111410344,-1.9959391021571065,0.3701303893569017,-0.133830236363078
0.4210777262745461,-0.1698883722583095,-0.4640291883353377,0.0187912646515963,0.5863641561691995,0.2945243112739994,0.8851069146098838,-1.397724944401492,0.6950850445105781,1.4083477613575983,1.9267182191037768,-2.009208035972315,0.3573408245379071,-0.1402441935324239
0.4210777262745461,-0.1698883722583095,-0.4640291883353377,0.0187912646515963,0.5863641561691995,0.2945243112739994,0.8851069146098838,-1.389757831684412,0.6953247290086852,1.3925094097226816,1.89716032679721,-2.022476969787524,0.3445512597189125,-0.1466581507017698
0.4210777262745461,-0.1698883722583095,-0.4640291883353377,0.0187912646515963,0.5863641561691995,0.2945243112739994,0.8851069146098838,-1.3817907189673322,0.6955644135067923,1.3766710580877646,1.8676024344906428,-2.035745903602733,0.3317616948999178,-0.1530721078711157
0.4210777262745461,-0.1698883722583095,-0.4640291883353377,0.0187912646515963,0.5863641561691995,0.2945243112739994,0.8851069146098838,-1.3738236062502522,0.6958040980048994,1.3608327064528476,1.838044542184076,-2.0490148374179418,0.3189721300809232,-0.1594860650404616
0.4210777262745461,-0.1698883722583095,-0.4640291883353377,0.0187912646515963,0.5863641561691995,0.2945243112739994,0.8851069146098838,-1.3658564935331725,0.6960437825030066,1.3449943548179308,1.8084866498775087,-2.06228377123315,0.3061825652619286,-0.1659000222098074
0.4210777262745461,-0.1698883722583095,-0.4640291883353377,0.0187912646515963,0.5863641561691995,0.2945243112739994,0.8851069146098838,-1.3578893808160926,0.6962834670011135,1.329156003183014,1.7789287575709416,-2.075552705048359,0.2933930004429339,-0.1723139793791533
0.4210777262745461,-0.1698883722583095,-0.4640291883353377,0.0187912646515963,0.5863641561691995,0.2945243112739994,0.8851069146098838,-1.3499222680990128,0.6965231514992207,1.313317651548097,1.749370865264375,-2.088821638863568,0.2806034356239393,-0.1787279365484992
0.4210777262745461,-0.1698883722583095,-0.4640291883353377,0.0187912646515963,0.5863641561691995,0.2945243112739994,0.8851069146098838,-1.3419551553819329,0.6967628359973278,1.29747929991318,1.7198129729578076,-2.102090572678777,0.2678138708049447,-0.1851418937178451
0.4210777262745461,-0.1698883722583095,-0.4640291883353377,0.0187912646515963,0.5863641561691995,0.2945243112739994,0.8851069146098838,-1.333988042664853,0.6970025204954349,1.2816409482782634,1.6902550806512404,-2.1153595064939856,0.25502430598595,-0.191555850887191
0.4210777262745461,-0.1698883722583095,-0.4640291883353377,0.0187912646515963,0.5863641561691995,0.2945243112739994,0.8851069146098838,-1.3260209299477732,0.697242204993542,1.2658025966433462,1.6606971883446733,-2.1286284403091944,0.2422347411669554,-0.1979698080565369
0.4210777262745461,-0.1698883722583095,-0.4640291883353377,0.0187912646515963,0.5863641561691995,0.2945243112739994,0.8851069146098838,-1.3180538172306933,0.697481889491649,1.2499642450084294,1.631139296038106,-2.141897374124403,0.2294451763479607,-0.2043837652258828
0.4210777262745461,-0.1698883722583095,-0.4640291883353377,0.0187912646515963,0.5863641561691995,0.2945243112739994,0.8851069146098838,-1.3100867045136133,0.6977215739897562,1.2341258933735126,1.6015814037315392,-2.155166307939612,0.2166556115289661,-0.2107977223952287
0.4210777262745461,-0.1698883722583095,-0.4640291883353377,0.0187912646515963,0.5863641561691995,0.2945243112739994,0.8851069146098838,-1.3021195917965334,0.6979612584878632,1.2182875417385957,1.5720235114249723,-2.1684352417548207,0.2038660467099715,-0.2172116795645746
0.4210777262745461,-0.1698883722583095,-0.4640291883353377,0.0187912646515963,0.5863641561691995,0.2945243112739994,0.8851069146098838,-1.2941524790794536,0.6982009429859704,1.202449190103679,1.542465619118405,-2.181704175570029,0.1910764818909768,-0.2236256367339204
0.4210777262745461,-0.1698883722583095,-0.4640291883353377,0.0187912646515963,0.5863641561691995,0.2945243112739994,0.8851069146098838,-1.2861853663623737,0.6984406274840774,1.186610838468762,1.512907726811838,-2.1949731093852383,0.1782869170719822,-0.2300395939032663
0.4210777262745461,-0.1698883722583095,-0.4640291883353377,0.0187912646515963,0.5863641561691995,0.2945243112739994,0.8851069146098838,-1.2782182536452935,0.6986803119821845,1.170772486833845,1.4833498345052707,-2.208242043200447,0.1654973522529875,-0.2364535510726122
0.4210777262745461,-0.1698883722583095,-0.4640291883353377,0.0187912646515963,0.5863641561691995,0.2945243112739994,0.8851069146098838,-1.270251140928214,0.6989199964802917,1.1549341351989282,1.453791942198704,-2.2215109770156563,0.1527077874339929,-0.2428675082419581
0.4210777262745461,-0.1698883722583095,-0.4640291883353377,0.0187912646515963,0.5863641561691995,0.2945243112739994,0.8851069146098838,-1.262284028211134,0.6991596809783988,1.1390957835640112,1.4242340498921369,-2.2347799108308646,0.1399182226149983,-0.249281465411304
0.4210777262745461,-0.1698883722583095,-0.4640291883353377,0.0187912646515963,0.5863641561691995,0.2945243112739994,0.8851069146098838,-1.254316915494054,0.6993993654765058,1.1232574319290942,1.3946761575855695,-2.248048844646074,0.1271286577960036,-0.2556954225806499
0.4210777262745461,-0.1698883722583095,-0.4640291883353377,0.0187912646515963,0.5863641561691995,0.2945243112739994,0.8851069146098838,-1.2463498027769744,0.6996390499746129,1.1074190802941777,1.3651182652790026,-2.2613177784612826,0.114339092977009,-0.2621093797499957
0.4210777262745461,-0.1698883722583095,-0.4640291883353377,0.0187912646515963,0.5863641561691995,0.2945243112739994,0.8851069146098838,-1.2383826900598944,0.6998787344727201,1.0915807286592605,1.3355603729724357,-2.274586712276492,0.1015495281580143,-0.2685233369193416
0.4210777262745461,-0.1698883722583095,-0.4640291883353377,0.0187912646515963,0.5863641561691995,0.2945243112739994,0.8851069146098838,-1.2304155773428147,0.7001184189708272,1.0757423770243435,1.3060024806658683,-2.2878556460917,0.0887599633390197,-0.2749372940886875
0.4210777262745461,-0.1698883722583095,-0.4640291883353377,0.0187912646515963,0.5863641561691995,0.2945243112739994,0.8851069146098838,-1.2224484646257348,0.7003581034689342,1.0599040253894267,1.2764445883593014,-2.301124579906909,0.0759703985200251,-0.2813512512580334
0.4210777262745461,-0.1698883722583095,-0.4640291883353377,0.0187912646515963,0.5863641561691995,0.2945243112739994,0.8851069146098838,-1.2144813519086548,0.7005977879670413,1.0440656737545098,1.2468866960527345,-2.314393513722118,0.0631808337010304,-0.2877652084273793
0.4210777262745461,-0.1698883722583095,-0.4640291883353377,0.0187912646515963,0.5863641561691995,0.2945243112739994,0.8851069146098838,-1.206514239191575,0.7008374724651484,1.028227322119593,1.2173288037461674,-2.3276624475373264,0.0503912688820358,-0.2941791655967252
0.4210777262745461,-0.1698883722583095,-0.4640291883353377,0.0187912646515963,0.5863641561691995,0.2945243112739994,0.8851069146098838,-1.1985471264744951,0.7010771569632555,1.012388970484676,1.1877709114396002,-2.340931381352536,0.0376017040630411,-0.3005931227660711
0.4210777262745461,-0.1698883722583095,-0.4640291883353377,0.0187912646515963,0.5863641561691995,0.2945243112739994,0.8851069146098838,-1.1905800137574152,0.7013168414613626,0.996550618849759,1.158213019133033,-2.3542003151677444,0.0248121392440465,-0.307007079935417
0.4210777262745461,-0.1698883722583095,-0.4640291883353377,0.0187912646515963,0.5863641561691995,0.2945243112739994,0.8851069146098838,-1.1826129010403352,0.7015565259594696,0.9807122672148424,1.1286551268264662,-2.3674692489829527,0.0120225744250519,-0.3134210371047629
0.4210777262745461,-0.1698883722583095,-0.4640291883353377,0.0187912646515963,0.5863641561691995,0.2945243112739994,0.8851069146098838,-1.1746457883232555,0.7017962104575768,0.9648739155799252,1.099097234519899,-2.380738182798162,-0.0007669903939427,-0.3198349942741088
0.4210777262745461,-0.1698883722583095,-0.4640291883353377,0.0187912646515963,0.5863641561691995,0.2945243112739994,0.8851069146098838,-1.166070835718976,0.7018345599772738,0.9486750784598552,1.0914656801001692,-2.3343966231961435,0.0013422331893997,-0.3096263521307313
0.4210777262745461,-0.1698883722583095,-0.4640291883353377,0.0187912646515963,0.5863641561691995,0.2945243112739994,0.8851069146098838,-1.1553521449636268,0.7018824968768954,0.928426532059768,1.0819262370755067,-2.2764696736936205,0.0039787626685777,-0.2968655494515095
0.4210777262745461,-0.1698883722583095,-0.4640291883353377,0.0187912646515963,0.5863641561691995,0.2945243112739994,0.8851069146098838,-1.1446334542082772,0.7019304337765168,0.9081779856596804,1.072386794050844,-2.218542724191097,0.0066152921477558,-0.2841047467722877
0.4210777262745461,-0.1698883722583095,-0.4640291883353377,0.0187912646515963,0.5863641561691995,0.2945243112739994,0.8851069146098838,-1.133914763452928,0.7019783706761382,0.8879294392595929,1.062847351026182,-2.160615774688575,0.0092518216269339,-0.271343944093066
0.4210777262745461,-0.1698883722583095,-0.4640291883353377,0.0187912646515963,0.5863641561691995,0.2945243112739994,0.8851069146098838,-1.1231960726975787,0.7020263075757596,0.8676808928595054,1.0533079080015195,-2.102688825186052,0.0118883511061119,-0.2585831414138442
0.4210777262745461,-0.1698883722583095,-0.4640291883353377,0.0187912646515963,0.5863641561691995,0.2945243112739994,0.8851069146098838,-1.1124773819422291,0.702074244475381,0.847432346459418,1.043768464976857,-2.044761875683529,0.01452488058529,-0.2458223387346224
0.4210777262745461,-0.1698883722583095,-0.4640291883353377,0.0187912646515963,0.5863641561691995,0.2945243112739994,0.8851069146098838,-1.10175869118688,0.7021221813750024,0.8271838000593305,1.0342290219521946,-1.9868349261810057,0.017161410064468,-0.2330615360554006
0.4210777262745461,-0.1698883722583095,-0.4640291883353377,0.0187912646515963,0.5863641561691995,0.2945243112739994,0.8851069146098838,-1.0910400004315306,0.7021701182746238,0.806935253659243,1.024689578927532,-1.928907976678483,0.0197979395436461,-0.2203007333761788
0.4210777262745461,-0.1698883722583095,-0.4640291883353377,0.0187912646515963,0.5863641561691995,0.2945243112739994,0.8851069146098838,-1.0803213096761817,0.7022180551742453,0.7866867072591557,1.0151501359028698,-1.87098102717596,0.0224344690228241,-0.207539930696957
0.4210777262745461,-0.1698883722583095,-0.4640291883353377,0.0187912646515963,0.5863641561691995,0.2945243112739994,0.8851069146098838,-1.069602618920832,0.7022659920738666,0.7664381608590681,1.0056106928782074,-1.8130540776734367,0.0250709985020022,-0.1947791280177352
0.4210777262745461,-0.1698883722583095,-0.4640291883353377,0.0187912646515963,0.5863641561691995,0.2945243112739994,0.8851069146098838,-1.0588839281654827,0.7023139289734881,0.7461896144589807,0.9960712498535448,-1.7551271281709142,0.0277075279811802,-0.1820183253385134
0.4210777262745461,-0.1698883722583095,-0.4640291883353377,0.0187912646515963,0.5863641561691995,0.2945243112739994,0.8851069146098838,-1.0481652374101336,0.7023618658731096,0.7259410680588932,0.9865318068288824,-1.6972001786683917,0.0303440574603583,-0.1692575226592917
0.4210777262745461,-0.1698883722583095,-0.4640291883353377,0.0187912646515963,0.5863641561691995,0.2945243112739994,0.8851069146098838,-1.037446546654784,0.7024098027727309,0.7056925216588057,0.97699236380422,-1.6392732291658685,0.0329805869395364,-0.1564967199800699
0.4210777262745461,-0.1698883722583095,-0.4640291883353377,0.0187912646515963,0.5863641561691995,0.2945243112739994,0.8851069146098838,-1.0267278558994346,0.7024577396723524,0.6854439752587184,0.9674529207795576,-1.5813462796633455,0.0356171164187144,-0.1437359173008481
0.4210777262745461,-0.1698883722583095,-0.4640291883353377,0.0187912646515963,0.5863641561691995,0.2945243112739994,0.8851069146098838,-1.0160091651440857,0.7025056765719738,0.6651954288586308,0.9579134777548952,-1.5234193301608223,0.0382536458978925,-0.1309751146216263
0.4210777262745461,-0.1698883722583095,-0.4640291883353377,0.0187912646515963,0.5863641561691995,0.2945243112739994,0.8851069146098838,-1.005290474388736,0.7025536134715953,0.6449468824585434,0.9483740347302329,-1.4654923806582996,0.0408901753770705,-0.1182143119424045
0.4210777262745461,-0.1698883722583095,-0.4640291883353377,0.0187912646515963,0.5863641561691995,0.2945243112739994,0.8851069146098838,-0.9945717836333868,0.7026015503712166,0.624698336058456,0.9388345917055704,-1.4075654311557768,0.0435267048562486,-0.1054535092631827
0.4210777262745461,-0.1698883722583095,-0.4640291883353377,0.0187912646515963,0.5863641561691995,0.2945243112739994,0.8851069146098838,-0.9838530928780372,0.702649487270838,0.6044497896583684,0.929295148680908,-1.3496384816532536,0.0461632343354266,-0.0926927065839609
0.4210777262745461,-0.1698883722583095,-0.4640291883353377,0.0187912646515963,0.5863641561691995,0.2945243112739994,0.8851069146098838,-0.973134402122688,0.7026974241704596,0.584201243258281,0.9197557056562456,-1.2917115321507309,0.0487997638146047,-0.0799319039047392
0.4210777262745461,-0.1698883722583095,-0.4640291883353377,0.0187912646515963,0.5863641561691995,0.2945243112739994,0.8851069146098838,-0.9624157113673388,0.7027453610700809,0.5639526968581935,0.9102162626315832,-1.233784582648208,0.0514362932937827,-0.0671711012255174
0.4210777262745461,-0.1698883722583095,-0.4640291883353377,0.0187912646515963,0.5863641561691995,0.2945243112739994,0.8851069146098838,-0.9516970206119896,0.7027932979697022,0.543704150458106,0.9006768196069206,-1.175857633145685,0.0540728227729608,-0.0544102985462956
0.4210777262745461,-0.1698883722583095,-0.4640291883353377,0.0187912646515963,0.5863641561691995,0.2945243112739994,0.8851069146098838,-0.94097832985664,0.7028412348693238,0.5234556040580186,0.8911373765822583,-1.117930683643162,0.0567093522521388,-0.0416494958670738
0.4210777262745461,-0.1698883722583095,-0.4640291883353377,0.0187912646515963,0.5863641561691995,0.2945243112739994,0.8851069146098838,-0.9302596391012908,0.7028891717689452,0.5032070576579312,0.8815979335575959,-1.0600037341406394,0.0593458817313169,-0.028888693187852
0.4210777262745461,-0.1698883722583095,-0.4640291883353377,0.0187912646515963,0.5863641561691995,0.2945243112739994,0.8851069146098838,-0.9195409483459416,0.7029371086685665,0.4829585112578437,0.8720584905329335,-1.0020767846381162,0.061982411210495,-0.0161278905086302
0.4210777262745461,-0.1698883722583095,-0.4640291883353377,0.0187912646515963,0.5863641561691995,0.2945243112739994,0.8851069146098838,-0.9088222575905922,0.7029850455681881,0.4627099648577562,0.862519047508271,-0.9441498351355933,0.064618940689673,-0.0033670878294084
0.4210777262745461,-0.1698883722583095,-0.4640291883353377,0.0187912646515963,0.5863641561691995,0.2945243112739994,0.8851069146098838,-0.8981035668352428,0.7030329824678094,0.4424614184576687,0.8529796044836087,-0.8862228856330703,0.0672554701688511,0.0093937148498133
0.4210777262745461,-0.1698883722583095,-0.4640291883353377,0.0187912646515963,0.5863641561691995,0.2945243112739994,0.8851069146098838,-0.8873848760798935,0.7030809193674309,0.4222128720575812,0.8434401614589462,-0.8282959361305472,0.0698919996480291,0.0221545175290351
0.4210777262745461,-0.1698883722583095,-0.4640291883353377,0.0187912646515963,0.5863641561691995,0.2945243112739994,0.8851069146098838,-0.8766661853245443,0.7031288562670523,0.4019643256574939,0.8339007184342838,-0.7703689866280246,0.0725285291272072,0.0349153202082568
0.4210777262745461,-0.1698883722583095,-0.4640291883353377,0.0187912646515963,0.5863641561691995,0.2945243112739994,0.8851069146098838,-0.865947494569195,0.7031767931666737,0.3817157792574064,0.8243612754096213,-0.7124420371255016,0.0751650586063852,0.0476761228874786
0.4210777262745461,-0.1698883722583095,-0.4640291883353377,0.0187912646515963,0.5863641561691995,0.2945243112739994,0.8851069146098838,-0.8552288038138456,0.703224730066295,0.3614672328573189,0.814821832384959,-0.6545150876229786,0.0778015880855633,0.0604369255667004
0.4210777262745461,-0.1698883722583095,-0.4640291883353377,0.0187912646515963,0.5863641561691995,0.2945243112739994,0.8851069146098838,-0.8445101130584962,0.7032726669659166,0.3412186864572314,0.8052823893602965,-0.5965881381204556,0.0804381175647413,0.0731977282459222
0.4210777262745461,-0.1698883722583095,-0.4640291883353377,0.0187912646515963,0.5863641561691995,0.2945243112739994,0.8851069146098838,-0.8337914223031468,0.703320603865538,0.3209701400571439,0.795742946335634,-0.5386611886179327,0.0830746470439194,0.085958530925144
0.4210777262745461,-0.1698883722583095,-0.4640291883353377,0.0187912646515963,0.5863641561691995,0.2945243112739994,0.8851069146098838,-0.8230727315477975,0.7033685407651593,0.3007215936570565,0.7862035033109717,-0.4807342391154099,0.0857111765230974,0.0987193336043657
0.4210777262745461,-0.1698883722583095,-0.4640291883353377,0.0187912646515963,0.5863641561691995,0.2945243112739994,0.8851069146098838,-0.8123540407924483,0.7034164776647809,0.2804730472569691,0.7766640602863093,-0.4228072896128869,0.0883477060022755,0.1114801362835875
0.4210777262745461,-0.1698883722583095,-0.4640291883353377,0.0187912646515963,0.5863641561691995,0.2945243112739994,0.8851069146098838,-0.801635350037099,0.7034644145644022,0.2602245008568816,0.7671246172616469,-0.3648803401103639,0.0909842354814536,0.1242409389628093
0.4210777262745461,-0.1698883722583095,-0.4640291883353377,0.0187912646515963,0.5863641561691995,0.2945243112739994,0.8851069146098838,-0.7909166592817495,0.7035123514640236,0.2399759544567941,0.7575851742369843,-0.3069533906078409,0.0936207649606316,0.1370017416420311
0.4210777262745461,-0.1698883722583095,-0.4640291883353377,0.0187912646515963,0.5863641561691995,0.2945243112739994,0.8851069146098838,-0.7801979685264002,0.703560288363645,0.2197274080567066,0.748045731212322,-0.2490264411053179,0.0962572944398097,0.1497625443212529
0.4210777262745461,-0.1698883722583095,-0.4640291883353377,0.0187912646515963,0.5863641561691995,0.2945243112739994,0.8851069146098838,-0.7694792777710509,0.7036082252632665,0.1994788616566192,0.7385062881876596,-0.1910994916027952,0.0988938239189877,0.1625233470004747
0.4210777262745461,-0.1698883722583095,-0.4640291883353377,0.0187912646515963,0.5863641561691995,0.2945243112739994,0.8851069146098838,-0.7587605870157016,0.7036561621628878,0.1792303152565317,0.7289668451629971,-0.1331725421002722,0.1015303533981658,0.1752841496796965
0.4210777262745461,-0.1698883722583095,-0.4640291883353377,0.0187912646515963,0.5863641561691995,0.2945243112739994,0.8851069146098838,-0.7480418962603522,0.7037040990625093,0.1589817688564442,0.7194274021383348,-0.0752455925977492,0.1041668828773438,0.1880449523589183
